0MinReturn,1AverageReturn,ItrTime,1NumTrajs,ComputeUpdatedDistTime,Time,0AveragePolicyStd,0NumTrajs,LossAfter,0StdReturn,1PolicyExecTime,dLoss,0ExplainedVariance,0PolicyExecTime,0AverageReturn,1AveragePolicyStd,1MaxReturn,1StdReturn,0EnvExecTime,1Entropy,0Entropy,1Perplexity,MeanKL,0MaxReturn,0Perplexity,1ProcessExecTime,1MinReturn,0ProcessExecTime,MeanKLBefore,1ExplainedVariance,LossBefore,1EnvExecTime
-161.66927168234332,-69.32147690599051,135.65221118927002,406,25.666767120361328,135.65220427513123,1.0,406,-0.013661004602909088,28.262819869715994,18.538809537887573,0.013346054212888703,0.5123188987869891,4.905381917953491,-68.8997780970941,0.9992324,-3.105061012504893,28.068422110381015,2.5426743030548096,2.8363342,2.8378766,17.053139,0.007287941873073578,-1.3901839236097688,17.07946,0.5244078636169434,-163.7505952480508,0.5458552837371826,8.807949569700213e-08,0.5194171976373869,-0.0003149503900203854,2.7493693828582764
-188.67014529703704,-56.35474561538238,38.59392285346985,413,0.6226160526275635,174.2662694454193,1.0004417,417,-0.016330257058143616,28.95959010942799,19.88737940788269,0.016672740981448442,0.478777393726152,5.998649597167969,-60.95083637586666,0.99917555,-0.005279316573985495,24.87009312391419,3.01898193359375,2.8361874,2.8387349,17.050634,0.007872060872614384,-0.005279316573985495,17.094126,0.6153686046600342,-146.5701027419933,0.7994627952575684,1.9265999071649276e-06,0.5049184388991088,0.000342483923304826,2.7990245819091797
-130.14363177516142,-45.79461388846988,41.337655544281006,408,1.1024978160858154,215.61001920700073,0.99548537,407,-0.01778605207800865,19.6894050628169,19.93837308883667,0.01787330014485633,0.5600575165399204,8.112586975097656,-52.76899480578993,0.9944645,-0.08030265574574587,17.276493671532503,2.9869320392608643,2.8267496,2.8288133,16.89047,0.008112235926091671,-0.6369688439843546,16.925364,0.5786802768707275,-113.8502647357944,0.8216807842254639,5.082330858385831e-07,0.5588132505131079,8.724806684767827e-05,2.913545608520508
-97.39919238750824,-36.183088494717964,39.476834297180176,411,1.1933820247650146,255.0925416946411,0.98690975,407,-0.018985185772180557,16.776685861443873,20.18216061592102,0.018915351261966862,0.6008922989686065,5.732498407363892,-48.38236588469885,0.98611796,-0.7210949682410772,11.641622309883417,3.1795692443847656,2.8098464,2.8114734,16.607367,0.008315464481711388,-0.5880890997968956,16.634409,0.5971636772155762,-79.25503629329182,0.8349204063415527,2.2300008595266263e-07,0.6133600473843628,-6.983451021369547e-05,2.8472201824188232
-90.33459586488408,-31.86264385778871,39.081007957458496,412,0.5850155353546143,294.1765687465668,0.97891325,408,-0.014726368710398674,16.69909287797927,20.517616748809814,0.018906863871961832,0.6051115331052519,5.6128363609313965,-49.48721038703975,0.97743803,-2.9926043148686947,10.029908986173139,2.764547109603882,2.7921104,2.795142,16.315416,0.008649423718452454,-1.1649882473850721,16.364952,0.6123685836791992,-60.90931562472255,0.7843856811523438,2.144020754712983e-06,0.6167840352155896,0.004180495161563158,2.8815393447875977
-89.87102863208602,-25.688859645562108,35.477280616760254,427,0.5063180923461914,329.65982604026794,0.9721623,406,-0.014031228609383106,15.162928534963822,17.084563970565796,0.015957860043272376,0.5906805154521362,6.710697412490845,-44.260336868764426,0.97185457,-1.0363797750590444,9.35187176284918,2.8653156757354736,2.780729,2.781377,16.130777,0.008035757578909397,-7.219301788109109,16.141233,0.5376346111297607,-65.0760656498241,0.8448021411895752,6.580077297257958e-06,0.573361649632298,0.0019266314338892698,2.6152515411376953
-79.26373407385586,-22.07974472483044,32.26237654685974,426,1.3364849090576172,361.92596793174744,0.9624444,409,-0.016009707003831863,15.167742150617626,17.207472562789917,0.015498659515287727,0.5887870515491576,3.691236734390259,-42.536639018182335,0.96158355,-0.126625199552378,6.804534242734973,2.3137784004211426,2.7594974,2.761299,15.791904,0.00856582261621952,-0.6919117512839398,15.820378,0.5552685260772705,-43.684643816063335,0.6571333408355713,4.890294803772122e-05,0.6645958675730659,-0.0005110474885441363,2.6603901386260986
-77.54581930437999,-19.835170626910077,37.37326240539551,438,0.9876086711883545,399.31784439086914,0.9489137,404,-0.011890766210854053,13.181990053345613,18.503540515899658,0.010802593547850847,0.7024687515355282,6.061882495880127,-46.8489258582636,0.94785434,-0.21354267508951724,6.780120422246813,3.1841859817504883,2.7307436,2.732985,15.344294,0.006985857617110014,-1.5592029019875764,15.378724,0.5799851417541504,-42.75292722824814,0.8653192520141602,1.9785863969445927e-06,0.6005844930285371,-0.0010881726630032063,2.657100200653076
-65.00123919103139,-17.350696931692312,33.573766231536865,453,1.21779465675354,432.8978271484375,0.93591225,408,-0.010602768510580063,11.518332692640783,17.890076875686646,0.010782572106109,0.6583195221313679,3.9858391284942627,-35.56630023387396,0.93474996,-0.1205799265894512,6.230833894884746,2.3765528202056885,2.7029147,2.7054062,14.923165,0.006685556843876839,-0.10501003394345791,14.960392,0.6305930614471436,-31.649404345043045,0.6596550941467285,3.1080901408131467e-06,0.6162480215444638,0.00017980359552893788,2.665969133377075
-68.57384982725159,-17.07185669356334,39.89214634895325,458,0.9891197681427002,472.79703760147095,0.92702115,411,-0.006505195051431656,14.714786827711333,22.41754150390625,0.007760628708638251,0.6180323490236463,4.538956880569458,-41.75957642031994,0.9264378,-0.3893712289957634,6.230750236823126,2.582498788833618,2.6850166,2.6862805,14.658445,0.007650819607079029,-0.2635770824013728,14.676983,0.6010520458221436,-29.71643527746271,0.7226436138153076,4.7992369218263775e-05,0.6157825982519036,0.001255433657206595,3.004309892654419
-66.49934724952391,-14.681792342830361,37.77834224700928,471,0.822087287902832,510.5802597999573,0.90939057,402,0.000346111279213801,11.488003588616403,20.628346920013428,0.0091085814347025,0.682056531360887,4.3115010261535645,-39.0633404631931,0.90839773,-0.006107160281615349,6.143887178750446,2.6383581161499023,2.6456478,2.6478503,14.092571,0.006724787876009941,-3.086104216737812,14.123644,0.6442661285400391,-33.392559919139174,0.6826472282409668,1.0741086953203194e-06,0.53536716983963,0.009454692713916302,2.9078173637390137
-66.91686978270144,-15.872796501384851,39.70736479759216,461,1.4536640644073486,550.2932999134064,0.8955622,410,-0.002969455672428012,16.270160568338337,21.36882710456848,0.006693114992231131,0.5281336771336906,4.792119979858398,-38.938563425541716,0.89428085,-0.012193741413079662,6.15180377247135,2.972527265548706,2.614345,2.6172128,13.658268,0.007120088208466768,-0.007097630485078953,13.697493,0.6189365386962891,-28.009997007504005,0.6827576160430908,1.0701643077482004e-05,0.594850763116112,0.0037236593198031187,2.9677891731262207
-71.27839993081494,-13.162821646604646,38.44465661048889,485,1.2059869766235352,588.755289554596,0.88490903,413,-0.005504195112735033,14.954462296716004,20.384663343429565,0.007971476064994931,0.530243412564187,4.840872049331665,-35.34780554629492,0.8843852,-0.03405064285936689,6.429549578849286,2.961406707763672,2.5920954,2.5932937,13.357732,0.009845000691711903,-0.06570621056086187,13.373748,0.6219363212585449,-35.361505653210656,0.7025861740112305,4.31884336649091e-06,0.4738934703884926,0.002467280952259898,2.7057740688323975
-71.55621225546972,-13.653011739005118,38.700778007507324,482,0.7430102825164795,627.4590604305267,0.866974,433,-0.002110501751303673,17.977893684999117,21.500522136688232,0.00557764433324337,0.4379516335156791,4.567228078842163,-34.69511723280244,0.86614555,-0.004709016704869166,7.086584015872555,2.980522632598877,2.5502625,2.5521624,12.810466,0.007028805557638407,-0.005631197529679213,12.834828,0.6251323223114014,-40.784510621834954,0.7781784534454346,8.405127118749078e-06,0.4503230001083921,0.0034671425819396973,2.875535726547241
-69.7383917535816,-11.175956768377329,32.29319214820862,516,0.42988133430480957,659.7580399513245,0.8545136,417,-0.004742358811199665,14.478840740206314,17.994063138961792,0.0047423541207241016,0.5592546906171456,3.2292394638061523,-35.82135178697056,0.85443306,-0.11600837772392178,6.28893536332695,2.4887893199920654,2.5229278,2.5231168,12.465038,0.006808883510529995,-0.22271285716786263,12.467395,0.5745351314544678,-32.04832605160665,0.6109039783477783,0.0,0.4326487846702297,-4.6904755635068796e-09,2.614682674407959
-68.52166945842536,-11.943219295357824,33.56090974807739,513,0.9979445934295654,693.3232183456421,0.8268733,420,-0.00436968170106411,17.129073471995415,17.96333909034729,0.007768802344799042,0.4478264640689137,3.458322286605835,-34.67162768798925,0.82622826,-0.004474672382685451,7.516727070305709,2.4673571586608887,2.4559188,2.457498,11.657139,0.007212519645690918,-0.4345584486563438,11.675564,0.5471692085266113,-31.958893696683656,0.6520850658416748,0.00043630300206132233,0.42307355704292093,0.003399120643734932,2.6556508541107178
-72.56339944746628,-12.434264916203826,33.903263092041016,523,0.6313643455505371,727.2295212745667,0.8116063,406,-0.00599523913115263,15.304340731182316,17.41169500350952,0.007937519229017198,0.5721050369973528,4.9177656173706055,-39.772044057790914,0.81071675,-0.044584979940131754,8.854510501900137,2.7206382751464844,2.4179564,2.4201736,11.2229,0.007363531272858381,-0.24504606621023173,11.247812,0.5422685146331787,-34.2937835253103,0.8038091659545898,3.1736084338263026e-07,0.29102630821308584,0.0019422800978645682,2.5605010986328125
-51.61596983182511,-9.875354890013885,31.05169677734375,533,0.8609294891357422,758.2934103012085,0.79061174,431,-0.0017503118142485619,14.532590931315896,16.109699249267578,0.005841234233230352,0.4248698793026139,3.4694981575012207,-27.683022803324082,0.78986007,-0.006964365180527673,5.658723266806343,2.3128502368927,2.3657134,2.3676493,10.651634,0.006929474417120218,-0.0036539222568738147,10.672276,0.5610089302062988,-24.13435701515668,0.612982988357544,0.00028606000705622137,0.415847098426648,0.0040909224189817905,2.5426571369171143
-65.57566345269683,-11.64212084821424,36.21432042121887,521,1.7239701747894287,794.5105519294739,0.7720121,414,-0.005794493015855551,15.204527452564847,19.54192328453064,0.00834568403661251,0.5699342604503468,3.389310598373413,-37.903823231737945,0.7719827,-0.005755320536668952,8.060315521380804,2.364718198776245,2.3201158,2.3201885,10.176853,0.007061861455440521,-0.009546562356305884,10.177593,0.5952510833740234,-33.7261146688644,0.6571211814880371,3.151085184072144e-05,0.30270308240686505,0.00255119102075696,2.7485733032226562
-69.80562447197812,-11.806001782065707,42.327237606048584,516,1.0320007801055908,836.8436141014099,0.75879884,408,-0.0054954541847109795,14.160533159427159,24.161267280578613,0.008290846832096577,0.619085730155292,4.90977931022644,-40.7424561049931,0.75819933,-0.11003628591841388,8.14897084461745,2.8116888999938965,2.2840984,2.2856898,9.816832,0.0069504003040492535,-0.8549443228872228,9.832467,0.6015310287475586,-33.83550287034126,0.8445389270782471,3.84235272576916e-06,0.28464504908208743,0.0027953926473855972,2.870807647705078
-63.645045958521514,-12.545979441713103,41.63691425323486,489,1.2261607646942139,878.4866652488708,0.74482906,408,-0.0035876065958291292,15.360065722326857,21.52402973175049,0.0059864160139113665,0.5391444080540091,6.216912508010864,-37.53142908651417,0.7444334,-0.04822061226352545,7.447106048154585,2.970304489135742,2.2475944,2.2486613,9.464939,0.007421848829835653,-0.35210148973312183,9.475043,0.6369807720184326,-32.763589570584905,0.8350493907928467,0.00013041960482951254,0.39877656394883043,0.0023988094180822372,2.986482620239258
-58.855608594059596,-11.294684785875653,38.29891920089722,521,0.7443366050720215,916.7900874614716,0.7276094,411,0.0009734100895002484,14.66186149218596,19.758724451065063,0.004665623768232763,0.5297198880422996,5.829198837280273,-35.19326205775525,0.7270566,-0.11463066693404905,7.349451208409506,2.9104490280151367,2.2003522,2.2018754,9.0281925,0.007710268255323172,-0.5107373036919748,9.041955,0.6148529052734375,-27.354765338762526,0.7808406352996826,6.229391874512658e-05,0.3933624230846712,0.005639033857733011,2.7550432682037354
-63.39667843769733,-9.401805234619637,35.63118052482605,568,1.0400118827819824,952.4270303249359,0.71582544,407,-0.0032077692449092865,13.516797595199764,18.86305809020996,0.006169880274683237,0.6011165000461854,4.653306722640991,-37.382156496925354,0.7146033,-0.0046086250264950395,7.226982054402584,2.814659595489502,2.1658065,2.169233,8.721633,0.006876232568174601,-0.009946618856757107,8.75157,0.5372140407562256,-31.96440524080955,0.7003850936889648,1.2272118510736618e-05,0.25860352526691466,0.0029621110297739506,2.5295565128326416
-66.21275796300155,-11.549527655304393,32.423524141311646,521,0.8343794345855713,984.8533885478973,0.7044549,400,-0.004438425414264202,12.945018211183402,17.27964973449707,0.007581023033708334,0.6508073227776856,3.938337802886963,-40.61999598818634,0.70376617,-0.09925609430399394,7.782650029353343,2.388303518295288,2.1352403,2.1372113,8.459079,0.006766623817384243,-17.792833232023536,8.475768,0.5681257247924805,-32.62155023128674,0.6825575828552246,0.0,0.3204922176125228,0.003142597619444132,2.605794668197632
-66.76321656249041,-11.044324169028359,35.315136671066284,521,0.4144327640533447,1020.186163187027,0.7037375,401,-0.004384689033031464,13.406180415198548,20.093647241592407,0.006498113973066211,0.6227608770036591,3.3728764057159424,-39.470686712551625,0.70349944,-0.22428786746484639,6.932054215340423,2.410034418106079,2.134481,2.135162,8.452658,0.006719480734318495,-7.65497330869458,8.458418,0.6311049461364746,-28.127607893970797,0.5472557544708252,2.719604935919051e-06,0.4408346227313559,0.002113424940034747,2.8780457973480225
-62.262277768074476,-10.734320807490278,32.4086799621582,529,0.4299495220184326,1052.6003131866455,0.69243044,400,-0.0034389651846140623,8.444158802618364,18.65235948562622,0.007463073590770364,0.8250588371020361,3.410342216491699,-42.2254657049216,0.692087,-0.28939363009050295,6.713816470156855,2.2272322177886963,2.101763,2.10277,8.180579,0.006752344314008951,-25.922617041304086,8.188823,0.5947749614715576,-26.32964299863587,0.6026158332824707,0.0,0.331905086860958,0.0040241084061563015,2.6719887256622314
-68.62436164689194,-12.352691771761513,33.03531193733215,527,0.5973215103149414,1085.6458666324615,0.6794109,402,-0.003306350437924266,14.331010936558863,17.754695653915405,0.008841626113280654,0.6562729460100101,3.201578140258789,-45.03680521134802,0.67850846,-0.18438714202191236,9.440032684977435,2.3854176998138428,2.062151,2.0648177,7.8628645,0.0072276173159480095,-0.7017644102605771,7.88386,0.5756628513336182,-37.91305884575071,0.6138381958007812,0.000938045559450984,0.35315768585229257,0.005535275675356388,2.7674689292907715
-62.06228363175022,-11.012116574573737,39.61116337776184,536,1.2720072269439697,1125.2629780769348,0.6707368,404,-0.003941364586353302,12.216652816523025,20.40628933906555,0.007327675120905042,0.7204922654996178,5.4956629276275635,-43.41390400846633,0.6705266,-0.17941632978070796,7.5456542009349645,3.035524845123291,2.0384853,2.0391197,7.678969,0.00679398188367486,-0.11799894360607692,7.683842,0.5838232040405273,-26.887500679557792,0.819716215133667,7.145713607314974e-05,0.39798593431711105,0.0033863105345517397,2.6717729568481445
-72.6421834891236,-9.592658711463612,39.101574659347534,600,0.8390083312988281,1164.3732268810272,0.65798324,418,-0.003063212614506483,16.98519707450107,20.71512532234192,0.008350234478712082,0.5150820598884548,5.353247880935669,-39.09955988147486,0.6574846,-0.06293762458415286,8.963410632079981,2.9979026317596436,1.99919,2.0007167,7.3830733,0.007188183721154928,-0.2994923387027654,7.394354,0.6179080009460449,-37.24072824852208,0.7784719467163086,0.0003263997787144035,0.2300896345620843,0.005287021864205599,2.983466386795044
-52.435332161912875,-8.72174045324238,37.76838493347168,562,0.7523939609527588,1202.152824163437,0.6446486,402,-0.0033400957472622395,10.46166871803826,20.659326791763306,0.006559483474120498,0.6437679730744842,4.8389365673065186,-31.99104620323798,0.6443758,-0.044195498310185294,5.880021909533123,2.885545253753662,1.9589094,1.9597585,7.0915885,0.006464881356805563,-2.8880477286247257,7.097613,0.5953106880187988,-21.994065718620025,0.7118916511535645,2.77513549917785e-06,0.340528590267703,0.0032193877268582582,2.873847246170044
-61.70202871323877,-11.588715184960384,39.490214824676514,517,0.6815693378448486,1241.6502854824066,0.63570315,406,-0.005627318285405636,12.926247671287841,21.434922218322754,0.009793761186301708,0.6917801219368989,5.18634819984436,-43.088224152694764,0.6348721,-0.18264027701452384,8.021515868807134,2.8793554306030273,1.9291732,1.9317932,6.8838167,0.006549334619194269,-1.758707199786306,6.9018755,0.6167953014373779,-28.092272625502602,0.8001530170440674,1.0852139894268475e-05,0.2840856956602169,0.004166442900896072,2.869821310043335
-67.21574406839639,-9.024551283108945,33.2921838760376,586,0.5380876064300537,1274.9482309818268,0.63176316,402,0.0005103068542666733,13.582453409219548,17.73665142059326,0.004868718504440039,0.6012951047364179,4.5425026416778564,-38.172253183721274,0.63095546,-0.20544696177312438,7.647761109931437,2.8338749408721924,1.916682,1.9192182,6.798364,0.007901211269199848,-3.491064205938409,6.8156276,0.5416107177734375,-34.508589270828516,0.6695544719696045,7.915531750768423e-05,0.26894881939177107,0.005379025358706713,2.545819044113159
-63.16093781581004,-11.416081119152711,35.60538649559021,494,1.196840524673462,1310.5705704689026,0.6125767,412,-0.0036199423484504223,15.326641224161119,18.816797733306885,0.008762350771576166,0.5747470113954141,4.227915525436401,-39.51026374652214,0.61184365,-0.04103285619786994,6.828282258100605,2.4476864337921143,1.8552141,1.8576033,6.393067,0.006787841208279133,-0.5339583161084561,6.4083595,0.5858891010284424,-29.406063275227815,0.7468967437744141,0.0002292868884978816,0.3824835406819479,0.005142408423125744,2.634056329727173
-65.00019599986837,-10.733804790462168,37.53664422035217,511,0.9934983253479004,1348.1152617931366,0.6134549,400,-0.0045622000470757484,9.80399823364068,20.245898723602295,0.005162788671441376,0.761297971700836,5.37715744972229,-40.21287447255662,0.6132067,-0.3026948049029246,6.827087113841294,2.8950254917144775,1.859724,1.860537,6.421964,0.006856895983219147,-21.35933173504162,6.4271874,0.5674786567687988,-32.84430688226445,0.7174696922302246,0.0,0.3335567963242797,0.0006005886243656278,2.593203544616699
-57.48281530651849,-8.08420241728498,34.39474606513977,572,0.9687857627868652,1382.5289044380188,0.60664225,413,0.00030193320708349347,13.310923202486428,18.569191455841064,0.002467772166710347,0.5546436789050837,3.8628158569335938,-33.4444534783481,0.6055546,-0.20169829139891682,5.3459315694110785,2.6291422843933105,1.8344606,1.8380412,6.261756,0.006591766141355038,-0.6550531365735415,6.2842164,0.5709950923919678,-21.080021254529353,0.7000353336334229,0.0001390143734170124,0.3073484026101654,0.0027697053737938404,2.5562808513641357
-63.40936968252784,-11.412960097133162,38.9875693321228,506,0.9315145015716553,1421.53404545784,0.591003,404,-0.006454041693359613,12.1579998149241,20.221692085266113,0.008780648931860924,0.710796992432787,5.72502064704895,-42.953730501613414,0.5903593,-0.004074633120898876,7.390813826525102,2.91108775138855,1.7835318,1.7857156,5.9508367,0.0067836083471775055,-0.9331434425136782,5.963846,0.5929551124572754,-29.992931431785195,0.8958513736724854,1.589125986356521e-06,0.34432963897316815,0.0023266072385013103,2.638047218322754
-68.57814820997669,-9.245185686084731,42.45128655433655,587,0.8083300590515137,1463.9917027950287,0.5853324,424,0.0005102693103253841,17.57276936699282,22.69812536239624,0.004777885507792234,0.4556558242202706,6.399304389953613,-34.81685009969503,0.58452547,-0.002450894185932246,8.737292836481709,2.8750336170196533,1.7637494,1.7665118,5.8342714,0.007584931328892708,-0.008213169683265442,5.8504105,0.6266834735870361,-34.73508548930072,0.8642556667327881,0.0002400107478024438,0.228260138837162,0.0052881548181176186,2.9306561946868896
-63.61822805051826,-9.739607692227388,40.010669231414795,539,0.6716303825378418,1504.0081775188446,0.57087034,424,-0.003982431720942259,14.777780316581676,21.091996431350708,0.006006601266562939,0.6027772275687495,5.81693959236145,-37.99186213066125,0.5705606,-0.10646001491880987,6.164969023780685,3.0824334621429443,1.715408,1.716486,5.558943,0.008382951840758324,-0.10583774578075004,5.5649385,0.607743501663208,-26.0177140596436,0.8409388065338135,0.0024006471503525972,0.37718382028865716,0.00202416954562068,2.9101521968841553
-67.32249919070111,-10.84684094505887,38.07754445075989,532,0.583775520324707,1542.0987734794617,0.5737934,400,-0.002698066644370556,12.740179204082596,21.215418338775635,0.006552105536684394,0.6541966756643833,4.094705104827881,-40.22973736767261,0.57331973,-0.3014384672576204,8.121478970739224,2.641899824142456,1.7250723,1.7267475,5.6129265,0.006516190245747566,-17.35730662594177,5.6223373,0.6088776588439941,-38.2751591327992,0.694525957107544,0.0,0.35665656415775226,0.003854038892313838,2.649709463119507
-57.96630389290662,-8.50755168185549,36.985902547836304,587,0.9457676410675049,1579.0957033634186,0.5675194,432,-0.0052826618775725365,15.422625401169336,18.10311198234558,0.00638408272061497,0.5168112736679786,6.874597549438477,-33.22451624635206,0.5667227,-0.13180538145310358,6.509943034346844,2.764059066772461,1.7019838,1.7048033,5.4848175,0.007707781158387661,-0.10776666082581898,5.5003037,0.5496504306793213,-26.453142985976594,0.8648693561553955,3.578539326554164e-05,0.3322059518769611,0.0011014208430424333,2.5350801944732666
-64.95772456002175,-9.618153178961583,31.02355122566223,555,0.43334364891052246,1610.1252319812775,0.55644566,400,-0.0047888788394629955,12.063362913663315,17.17996644973755,0.008449813351035118,0.65912646119453,3.6809041500091553,-38.45615590345545,0.5561857,-0.12149124539495207,7.667857299249717,2.3056886196136475,1.6645241,1.6654719,5.2831583,0.006680805701762438,-18.391745172009955,5.2881684,0.5428197383880615,-31.506008117076263,0.593031644821167,0.0,0.22710816201467932,0.0036609345115721226,2.437915325164795
-65.65089160481529,-8.817595489150778,37.70536136627197,586,0.9227283000946045,1647.8462500572205,0.549325,400,-0.006247476674616337,10.561371456197408,21.37597417831421,0.009031114168465137,0.7324115381916949,4.547228097915649,-40.15692522032682,0.54905236,-0.32045781579656857,7.237113317070065,2.6391730308532715,1.638736,1.639747,5.1486573,0.007009283173829317,-20.084326680020652,5.1538653,0.5838274955749512,-30.65796925616526,0.6887223720550537,0.0,0.36819042611446584,0.0027836374938488007,2.7535204887390137
-67.41400591319791,-15.96277900249698,33.24942469596863,462,0.8148448467254639,1681.1114394664764,0.5417168,401,-0.007454799022525549,16.739697106357657,19.55921983718872,0.00860213814303279,0.5418697704755708,2.9262564182281494,-41.87166164081714,0.541127,-0.004487234208274501,9.876756630252238,2.3352787494659424,1.6096599,1.611843,5.00111,0.006432812660932541,-6.2386608497231295,5.0120397,0.5365447998046875,-33.48638743046935,0.5766398906707764,1.1261963663855568e-06,0.3421370137305779,0.0011473391205072403,2.539436101913452
-65.42066825387182,-11.624744157470094,35.84232139587402,517,0.6063830852508545,1716.9576790332794,0.53771496,404,-0.0007403093622997403,16.119426156175393,21.566550254821777,0.004588083480484784,0.528566122178604,3.038048267364502,-38.60093581013607,0.53740925,-0.038073805488762796,8.259592786101427,2.307664394378662,1.5958786,1.5970237,4.932661,0.007579746190458536,-0.8488917286205843,4.9383125,0.6159281730651855,-29.88744995225792,0.5845329761505127,2.438525734760333e-05,0.3046388202916992,0.0038477741181850433,2.8820302486419678
-64.06625754086724,-10.2900676459974,39.685821294784546,559,1.004112720489502,1756.6479246616364,0.5191513,401,-0.006448252592235804,13.69062023575756,22.165711879730225,0.008451381465420127,0.6141613817374916,4.624702453613281,-39.71999932391455,0.5186459,-0.12204153966738936,8.083710059277124,2.51214599609375,1.5247635,1.5267227,4.5940566,0.007024703547358513,-8.071247677516666,4.6030664,0.6393699645996094,-30.760588368271,0.7066242694854736,0.00019376742420718074,0.28513689836077005,0.0020031288731843233,2.863795042037964
-67.2742938730662,-12.743768494519562,40.3866240978241,495,0.7037692070007324,1797.040518283844,0.51888067,404,-0.006818823516368866,17.241221343081786,22.08165216445923,0.007673277345020324,0.47722608997763727,5.164140939712524,-37.81576340077711,0.5185037,-0.0520590687854263,8.408792141271178,3.027885913848877,1.5241948,1.5256507,4.5914454,0.007135830819606781,-1.2792040005989387,4.598135,0.6190836429595947,-32.5512130265097,0.7733027935028076,2.0423833120730706e-05,0.46786547979806803,0.000854453828651458,2.952846050262451
-59.77360069316581,-8.086187500178726,39.90535259246826,632,1.0151894092559814,1836.958758354187,0.51552224,419,-0.00046243687393143773,15.783595402062456,21.86932063102722,0.0064081482705660164,0.5177478275056868,5.141507625579834,-35.74824156679196,0.5152131,-0.0007496067250782396,7.320336941685647,2.894077777862549,1.5114796,1.5126896,4.5334334,0.0068061454221606255,-0.0015798459097966368,4.5389223,0.6167037487030029,-29.13922182238911,0.7850594520568848,0.0006416281685233116,0.27150882496459916,0.005945711396634579,2.827691078186035
-70.95732168968863,-11.67861869961464,38.56874394416809,526,1.0344924926757812,1875.5334317684174,0.5096512,405,-0.004680423531681299,15.989337644675567,21.5120267868042,0.0072809141129255295,0.5630182860575925,4.9201555252075195,-41.027964140481316,0.5091772,-0.008446088163060035,8.984599019220708,2.7611117362976074,1.4879255,1.4898063,4.4279003,0.00985100120306015,-0.25085222546168884,4.436236,0.6153390407562256,-35.58269302278576,0.7736079692840576,4.1190596675733104e-05,0.33399688135342476,0.0026004905812442303,2.7930514812469482
-64.54254748652878,-13.324234303940425,32.56747603416443,495,0.6551065444946289,1908.1065816879272,0.509964,400,-0.004288205876946449,14.49329430781694,18.483368158340454,0.005344051402062178,0.6153376493117961,3.1385984420776367,-42.01552455255673,0.50966954,-0.3610234967469737,8.49558912677432,2.291268825531006,1.4898467,1.4910102,4.436415,0.007329568732529879,-14.698919036726572,4.4415803,0.5535545349121094,-32.246489351099925,0.549121618270874,0.0,0.41352839113833695,0.0010558455251157284,2.567164897918701
-71.9793842478606,-10.07984267113941,36.79881286621094,545,0.40148210525512695,1944.911069393158,0.50013083,434,0.0037883538752794266,18.189142472907964,20.790549755096436,0.0063507212325930595,0.43939736103110283,3.9846832752227783,-33.727959339199884,0.49964577,-0.007407664975486413,8.126046226981638,2.3691797256469727,1.4501287,1.4520799,4.2636633,0.009861762635409832,-0.009191920469733335,4.271991,0.607306718826294,-36.22368828685198,0.6461913585662842,0.0025034581776708364,0.2880423912337282,0.010139075107872486,2.8235697746276855
-71.79709610673156,-13.736682352344348,33.79808473587036,497,0.40741991996765137,1978.7151877880096,0.49278307,406,-0.009316859766840935,17.55284624564757,19.372551202774048,0.010464598657563329,0.5010073369562256,3.712085485458374,-39.77767441539057,0.49258348,-0.11959427132643553,9.597266025261074,2.5112810134887695,1.4216757,1.4225005,4.1440587,0.006556373089551926,-0.6106695202443129,4.147478,0.5522093772888184,-37.38776939039106,0.6628425121307373,3.175561869284138e-05,0.3504446008225246,0.001147738890722394,2.552145004272461
-65.13370613661455,-12.406708673520214,34.26514148712158,490,1.0160362720489502,2012.993835926056,0.48778528,402,-0.005701094400137663,15.200387775393247,18.173030614852905,0.007071235100738704,0.5858679083678413,3.788870096206665,-41.21926411437818,0.4876512,-0.2654103665914819,8.268933553489248,2.432999610900879,1.4015548,1.4021146,4.06151,0.006534981541335583,-0.8141903471189808,4.063784,0.5490338802337646,-30.96909361064626,0.714414119720459,4.494312815950252e-05,0.347467992342712,0.0013701407006010413,2.6179568767547607
-59.30453747130543,-10.098281271069203,40.17807602882385,532,0.880925178527832,2053.1776604652405,0.48747706,425,-0.007372079882770777,15.996844115364839,21.1240074634552,0.00800452963449061,0.5319840190632308,5.846018314361572,-36.214153878886066,0.48732364,-0.06798952072882081,6.877724489625016,2.8801686763763428,1.4001977,1.4008414,4.056002,0.009506798349320889,-0.08545521630241311,4.0586133,0.6045334339141846,-22.141251471543267,0.811025857925415,0.0005634105182252824,0.5045342743818855,0.0006324497517198324,2.688678503036499
-61.878313135060964,-8.61403393788703,42.577027320861816,564,1.338202953338623,2095.760387659073,0.48781225,402,-0.0041457791812717915,12.600879994666789,22.125465869903564,0.005881543969735503,0.6305712496310132,6.543222427368164,-37.414085958797024,0.48746625,-0.2671496057230432,6.506335751034402,2.869394063949585,1.4007641,1.4021931,4.0582995,0.006570080760866404,-0.7055165059254507,4.064103,0.6142857074737549,-30.681266834809563,0.764739990234375,2.9008933779550716e-05,0.2676224389954359,0.0017357647884637117,2.9740593433380127
-59.510722086370095,-10.069046254439604,40.42861199378967,557,1.094208002090454,2136.1948096752167,0.48499033,400,-0.004531096667051315,11.948619730941488,22.287055730819702,0.005034763365983963,0.6854759576217551,4.834177732467651,-40.46373240892535,0.48462722,-0.12006675531097208,7.618902763799457,2.9585516452789307,1.389108,1.3906153,4.01127,0.006853864062577486,-19.02306228448403,4.017321,0.595853328704834,-26.940714801084237,0.779944896697998,0.0,0.3309657939018771,0.0005036666989326477,2.89101243019104
-61.41316180681368,-9.816720339346075,37.82284998893738,562,0.42450594902038574,2174.0227224826813,0.4821863,400,-0.0048258183524012566,13.038677191024368,20.723438262939453,0.005988997523672879,0.5541874659544532,4.8427159786224365,-33.349605148382786,0.48183712,-0.2937801208808174,7.369614129193329,2.546252727508545,1.3774128,1.3788561,3.964631,0.009668147191405296,-12.498457033691116,3.9703572,0.6020522117614746,-26.490986495648386,0.7706201076507568,0.0,0.3436301945459691,0.0011631791712716222,2.8388240337371826
-60.14681707867317,-9.9796429452198,34.17475748062134,537,0.6279385089874268,2208.2161049842834,0.47158152,413,-0.004691824782639742,14.696192488707045,18.625652551651,0.005594204762019217,0.5355789863709,4.142549753189087,-34.41621306137634,0.471505,-0.13355544090261634,7.0098906460240205,2.541520833969116,1.3341769,1.3345145,3.7968695,0.006810933351516724,-0.005000698872553495,3.7981515,0.577878475189209,-24.61373024895113,0.6841821670532227,0.00019905928638763726,0.295996717048592,0.0009023799793794751,2.6107335090637207
-54.157634277968924,-10.604779012643386,33.429768562316895,534,0.5543670654296875,2241.649005651474,0.46684054,401,-0.003222281578928232,13.378417798031203,18.66345477104187,0.005663521587848663,0.5635151071950206,3.157398223876953,-34.933488458674105,0.46694374,-0.003082183275479958,7.208001276667991,2.4216034412384033,1.3147676,1.3143405,3.7238855,0.009681090712547302,-10.18867218755444,3.7222953,0.5569772720336914,-24.936302484398,0.617800235748291,0.00014078401727601886,0.4072405724108118,0.002441240008920431,2.656491756439209
-66.85939545235895,-10.208047128534856,39.43663454055786,586,0.6592590808868408,2281.091150999069,0.46043777,413,-0.010043341666460037,16.42046931871197,22.660271406173706,0.010671507217921317,0.5299384915316496,4.687891960144043,-39.36046428207595,0.45997578,-0.009468868457727686,9.307808798318947,3.052682876586914,1.2846792,1.2866962,3.6135085,0.006586837582290173,-0.6935130799463731,3.6208043,0.5871644020080566,-36.69633091555721,0.8322045803070068,1.348594105365919e-05,0.3827267686767222,0.0006281655514612794,2.584171772003174
-65.08742764960267,-8.487759210669491,34.95348644256592,595,0.749060869216919,2316.0497233867645,0.4583442,400,-0.006381803657859564,10.620015335221066,19.414950370788574,0.007951909792609513,0.7343151262752867,4.332473993301392,-40.49208017457806,0.45782867,-0.22183060343349315,6.8486913505266624,2.3727028369903564,1.2753452,1.2775981,3.579937,0.006423321086913347,-16.859390022771986,3.5880115,0.6100077629089355,-27.349736322883206,0.684680700302124,0.0,0.2712897317485421,0.001570106134749949,2.7237484455108643
-53.67937253388593,-9.296404396763728,39.336493253707886,549,1.13606858253479,2355.3901183605194,0.45691755,413,-0.004262472502887249,14.92125970288817,22.569541931152344,0.006382843945175409,0.5234348537405443,4.2142333984375,-35.12792257529513,0.45696217,-0.08949529862525814,6.884205688151831,2.509491443634033,1.2715552,1.2713716,3.5663946,0.006707595195621252,-0.4466070812608029,3.56574,0.594641923904419,-23.894460727639412,0.7190947532653809,4.2686599044827744e-05,0.31665241341785955,0.0021203714422881603,2.6840174198150635
-60.127146180540464,-9.5895223040344,42.9838182926178,582,1.5176353454589844,2398.380345106125,0.4523788,400,-0.006969521287828684,11.777498265276906,25.29958176612854,0.009099193150177598,0.7018746170415278,4.778255939483643,-41.39435405175673,0.4519077,-0.10441794496108059,8.004146295102004,2.5921924114227295,1.2493128,1.2514068,3.487945,0.00971123669296503,-18.39115310923227,3.4952567,0.662426233291626,-26.41786569407273,0.6968553066253662,0.0,0.33275430736503353,0.002129671862348914,2.9900667667388916
-61.92824025692037,-13.66553377693935,41.87161636352539,443,1.775268316268921,2440.2592401504517,0.45151713,403,-0.009944579564034939,13.866207037906012,23.18207311630249,0.010078632869408466,0.6076616368677947,4.515007257461548,-39.2354928804758,0.45138365,-0.11564406745288659,6.3182035779891095,2.914135456085205,1.2469885,1.247591,3.4798477,0.006691468879580498,-0.9844090616291495,3.4819448,0.5878078937530518,-30.45468019895979,0.780426025390625,0.00014058651868253946,0.5617619221894226,0.0001340533053735271,2.9301507472991943
-65.11454297880911,-12.036461247739142,37.80778908729553,513,1.270353078842163,2478.072830915451,0.4512978,400,-0.009063145145773888,12.274753266713908,20.826568603515625,0.010987385525368154,0.7157412199264552,4.47433066368103,-44.60950297156873,0.45157233,-0.31365802997031544,8.190698913862393,2.6563732624053955,1.2478175,1.2466106,3.4827337,0.009911990724503994,-15.032714809256257,3.478533,0.5994384288787842,-29.59227425449211,0.7195875644683838,0.0,0.3187142982676219,0.0019242403795942664,2.824033737182617
-61.54267925984759,-8.300524569976712,36.18983507156372,632,0.588817834854126,2514.2776329517365,0.44978577,453,-0.004002067260444164,18.70180881126756,18.86010456085205,0.007282234495505691,0.41705706339593074,5.915820360183716,-32.770175608688966,0.44956338,-0.003655691381843185,7.617028934701393,2.838639736175537,1.2388825,1.2398789,3.451754,0.007314013317227364,-0.1401958527043494,3.455195,0.5222816467285156,-26.53739778728615,0.8241796493530273,0.0009417928522452712,0.31480640816320404,0.0032801672350615263,2.4973838329315186
-69.05889996300715,-9.859891678728259,34.22563099861145,589,0.5406579971313477,2548.5253121852875,0.44657022,402,-0.0012894438114017248,16.6502699401737,18.35139298439026,0.0,0.5292659118188361,3.927351474761963,-40.40274272304572,0.44621438,-0.03924652996094298,8.94561062616005,2.4872822761535645,1.2239393,1.2255384,3.4005573,0.06714726984500885,-2.9300118477925525,3.4059992,0.565727710723877,-32.24233784054647,0.6636903285980225,0.06714726984500885,0.46375381384477843,-0.0012894438114017248,2.5479543209075928
-55.14441681289705,-7.22656787034763,39.958940505981445,631,1.2673470973968506,2588.5012888908386,0.4465702,405,-0.0035175238735973835,12.979317088477142,22.01607346534729,0.005635391920804977,0.55595269312518,5.289345026016235,-33.08480723546745,0.44637895,-0.0019098861773552093,6.104461935942634,2.7809691429138184,1.224669,1.2255384,3.4030395,0.006956752389669418,-2.26858550988968,3.4059992,0.577338457107544,-22.15558157619068,0.8093643188476562,4.14698661188595e-05,0.3631879832669065,0.002117868047207594,2.6052048206329346
-57.455225432603655,-9.074380366897255,33.68971848487854,552,1.0287151336669922,2622.194347858429,0.43800184,405,-0.005721684545278549,12.85245920388104,19.173194408416748,0.008156099822372198,0.656832353873428,3.3462555408477783,-40.19311776854532,0.4377809,-0.0007818247320452107,6.547285668546813,2.4179744720458984,1.1857724,1.1867914,3.273214,0.006422158796340227,-1.174180595409192,3.2765512,0.5542783737182617,-23.536879415238534,0.6235902309417725,2.978296652145218e-05,0.2973053885125766,0.002434415277093649,2.5327870845794678
-54.662046558301796,-8.695095842857212,41.00031352043152,584,1.741065502166748,2663.1987743377686,0.43731236,403,-0.004773993976414204,12.868511637743588,25.18730354309082,0.008619888219982386,0.5832962437897061,2.8612008094787598,-34.7409871099142,0.43669677,-0.29595084501704444,7.068435973348155,2.3957509994506836,1.1808263,1.1836622,3.2570643,0.009218188934028149,-1.3817524891192898,3.266314,0.6080584526062012,-26.544609778317366,0.58736252784729,0.00025074303266592324,0.28192513184855983,0.003845894243568182,2.8102927207946777
-55.64465351006403,-2.9278891921402543,41.60725378990173,1811,0.9528443813323975,2704.820773601532,0.43270302,400,-0.0025976509787142277,13.626397229889365,22.473830699920654,0.004498771857470274,0.5498315603351505,5.433774948120117,-34.56669606298271,0.43235797,-0.0035499679621467457,6.018825818054983,2.6621804237365723,1.1608559,1.1624682,3.1926646,0.008191016502678394,-10.771725014968318,3.1978164,0.6700079441070557,-23.575899410162545,0.7649598121643066,0.0,0.415184091833101,0.0019011208787560463,2.9601149559020996
-68.44844887903118,-13.614745922778772,43.31364417076111,483,1.3327741622924805,2748.139919757843,0.42685038,433,-0.004511145409196615,20.45149770783755,23.295677423477173,0.007734586950391531,0.40886161869679893,5.93161153793335,-36.56412451080878,0.42634314,-0.008901546326561566,9.235682911655443,3.0149199962615967,1.1328104,1.1352044,3.1043687,0.00998542457818985,-0.08616173503097413,3.1118097,0.5902924537658691,-37.401342351975934,0.8616340160369873,0.00012000776769127697,0.4715305104097537,0.0032234415411949158,2.9095358848571777
-68.68123777637227,-12.565897998009474,38.97766661643982,493,1.093533992767334,2787.1296770572662,0.4249854,400,-0.00950276106595993,14.42440091371141,21.289222955703735,0.01210364094004035,0.6064571459810991,4.966342926025391,-41.099495140111614,0.42444587,-0.2916717014435213,8.581633779216304,2.7300307750701904,1.1239084,1.1264594,3.0768564,0.00971204787492752,-13.847790509205918,3.0847154,0.6019623279571533,-37.29169902136066,0.7523958683013916,0.0,0.3437595829527892,0.0026008798740804195,2.7626800537109375
-55.49773122293785,-9.891079239221998,38.12340188026428,514,1.112943410873413,2825.2586154937744,0.42721176,404,-0.006361147854477167,14.978380088015534,20.469698429107666,0.006367116834553599,0.5322147155503005,5.712846994400024,-36.42835334932089,0.42666617,-0.005177020381430328,6.071813861343954,2.7251646518707275,1.1343594,1.136925,3.109181,0.009473711252212524,-0.12967465204174594,3.1171682,0.5248403549194336,-19.466993655446775,0.8648338317871094,0.0,0.4536645446990566,5.9689800764317624e-06,2.480600118637085
-68.62189712732133,-10.076524136973923,34.171014070510864,539,1.0876588821411133,2859.4355516433716,0.42101666,430,-0.0051919324323534966,18.186041051339462,19.305687189102173,0.006377256708219647,0.4647765924431847,3.774940013885498,-36.22068188311213,0.4205316,-0.009619460919096491,8.32720806265883,2.5399529933929443,1.1053749,1.1076945,3.0203567,0.006369323935359716,-0.00123498749374919,3.0273707,0.5488569736480713,-33.52823228855813,0.6578662395477295,0.0,0.2986067455738505,0.0011853242758661509,2.5728938579559326
-61.49789912538983,-12.910545736625782,39.694427490234375,480,1.0553605556488037,2899.1434054374695,0.41598773,430,-0.007858602330088615,17.952715512844037,22.05914807319641,0.009275610325857997,0.5421963126034315,4.8758649826049805,-39.40522138457256,0.41571042,-0.44617630059817337,7.369574474204489,2.6893723011016846,1.0821947,1.0835142,2.9511492,0.009000700898468494,-0.010334188954369477,2.955046,0.5725162029266357,-26.602564996314815,0.8964245319366455,8.06543612270616e-05,0.4204253122761724,0.0014170079957693815,2.6947836875915527
-69.4039103621101,-8.498943491644374,35.134546756744385,586,1.255310297012329,2934.280819416046,0.41484493,401,-0.004822169430553913,13.359524954556068,20.106112003326416,0.006947500165551901,0.6484109846951842,3.219292163848877,-41.61885410749231,0.4148805,-0.006732280762382293,8.030526968181245,2.311445474624634,1.0779766,1.0778191,2.9387274,0.0064233895391225815,-6.434238291101895,2.9382646,0.590524435043335,-34.76788371447837,0.5551407337188721,7.275689858943224e-05,0.38799005636444106,0.0021253307349979877,2.6081385612487793
-69.15911999963215,-12.977210051366344,39.2379105091095,488,0.3733179569244385,2973.521649837494,0.41617844,434,-0.0004448041436262429,19.152105619712906,23.371376514434814,0.0055902626481838524,0.4134642958502457,4.1152637004852295,-34.761700926050736,0.41572088,-0.23517863811128253,8.724879843157575,2.4279496669769287,1.0820187,1.0842028,2.9506302,0.006850700359791517,-0.008673963804317633,2.9570813,0.58109450340271,-32.990116082362654,0.7119135856628418,0.0005748193943873048,0.3465525670201801,0.0051454585045576096,2.78497052192688
-58.22511911069712,-6.651894622568403,41.916696548461914,700,0.9094512462615967,3015.449676513672,0.41016483,404,-0.0030468604527413845,13.536023301117215,23.753316640853882,0.006954191718250513,0.5641507136582788,5.39448356628418,-35.20528664000294,0.40987885,-0.002261369072770237,6.670602164122043,2.560702085494995,1.0536523,1.0550364,2.868107,0.007669798564165831,-2.1577131337236755,2.8720798,0.6430802345275879,-22.182400577438795,0.8209822177886963,0.00019107408297713846,0.28534002806431014,0.003907331265509129,2.8975937366485596
-59.85507331601573,-8.193823500861594,41.60670518875122,586,0.8582501411437988,3057.0621452331543,0.40696144,401,-0.004694947972893715,13.335057335160487,23.052969932556152,0.007511810399591923,0.6131355304287445,5.3386828899383545,-38.544454553521206,0.40646484,-0.08668629206479245,6.464409134893775,3.0245931148529053,1.0367955,1.0392696,2.8201654,0.009991662576794624,-6.319801585290555,2.8271513,0.6357822418212891,-22.26322169123869,0.7414958477020264,4.350912058725953e-05,0.2364977457503752,0.002816862426698208,2.9353268146514893
-61.45697611597809,-8.883776686002824,42.03263235092163,570,1.1873900890350342,3099.10165810585,0.40173098,400,-0.0043350448831915855,12.42596746049458,23.277310132980347,0.0070283315144479275,0.650403005168795,5.084947109222412,-38.82644638078072,0.40113848,-0.10371638779275233,7.148387951078818,2.92116641998291,1.0106418,1.0135953,2.7473638,0.006552344653755426,-17.495106579998357,2.75549,0.617699384689331,-23.98519015988943,0.8009116649627686,0.0,0.2884209667632919,0.002693286631256342,2.731997489929199
-65.51429944009288,-8.819216944366733,38.581310510635376,609,0.6019906997680664,3137.68857049942,0.39766905,401,0.0007607772131450474,15.13534801575009,20.804543256759644,0.007190514064859599,0.5031637437301075,6.741640329360962,-35.0023494026455,0.3973422,-0.07139936276197704,7.933863964346941,2.6368296146392822,0.9916389,0.9932746,2.6956487,0.009647995233535767,-6.903597949230599,2.7000618,0.5276968479156494,-27.906878682018156,0.885622501373291,1.2443795640137978e-05,0.3320146052589016,0.007951291278004646,2.57906436920166
-64.23152400374653,-9.10967679293347,35.45683169364929,622,0.4013252258300781,3173.151180744171,0.3915899,402,-0.005421999841928482,13.866013138054523,20.28886651992798,0.007368398830294609,0.6110903260498597,3.813415050506592,-39.76067074639587,0.39102626,-0.009019796771027737,9.275077621018726,2.6979801654815674,0.95929015,0.9621971,2.6098433,0.007811479736119509,-4.714156521576626,2.617441,0.5712556838989258,-32.721654738145745,0.6930689811706543,0.00022098836780060083,0.2896742455356537,0.001946398988366127,2.6019418239593506
-68.81529383593387,-10.009046101165143,39.26044273376465,548,0.8893308639526367,3212.417573928833,0.38970926,400,-0.005579455755650997,13.61802389195115,22.397531747817993,0.009501636493951082,0.611243342012771,4.748924970626831,-39.15925159456731,0.38935527,-0.31031947023757367,8.296322176941597,2.8146872520446777,0.9507282,0.95255655,2.5875933,0.00997675210237503,-17.37422125570918,2.5923285,0.6053218841552734,-32.327498364087404,0.7387282848358154,0.0,0.36295894909471826,0.003922180738300085,2.699665069580078
-66.55166742706434,-7.613881417371529,35.536471366882324,639,0.5293681621551514,3247.957546710968,0.39036915,400,-0.005488994065672159,12.284593408195517,20.496552228927612,0.007877658121287823,0.6385296651406189,3.4983670711517334,-37.43257644478745,0.39013883,-0.30029436051879116,7.405914443487561,2.3624117374420166,0.9548015,0.95598596,2.5981548,0.006610826123505831,-18.07198064159991,2.601234,0.5966455936431885,-28.467309494369246,0.6783037185668945,0.0,0.2665490712718934,0.0023886640556156635,2.6089093685150146
-51.15272586338655,-6.437925958268748,39.49791502952576,740,1.032724380493164,3287.4583461284637,0.38832977,411,-0.0029469651635736227,14.543035828268357,23.235868215560913,0.005114447325468063,0.4818661787979879,3.950298309326172,-32.022069029810424,0.3882753,-0.0034993384156275006,6.864894859350725,2.51731014251709,0.94520545,0.9455588,2.573342,0.00915419589728117,-1.6887399746835174,2.5742514,0.6032731533050537,-23.831386071739768,0.7337727546691895,0.0014623100869357586,0.2436649694277896,0.0021674821618944407,2.7011563777923584
-59.01988854854754,-8.984879691993761,43.81558632850647,598,1.981994867324829,3331.279906988144,0.38083312,400,-0.005062515381723642,11.330755474911753,25.22007465362549,0.007618455216288567,0.7130434095881086,4.4997735023498535,-40.898124016202544,0.38046256,-0.21785722473898333,7.989269475689547,2.910527467727661,0.90456253,0.9065418,2.4708507,0.00655067665502429,-12.138844183560135,2.4757462,0.6105830669403076,-26.503896608656326,0.7099442481994629,0.0,0.19902208568754498,0.0025559398345649242,2.931779623031616
-65.40354849540424,-7.234242946537358,41.27611804008484,658,0.7652537822723389,3372.5618109703064,0.37896812,428,-0.004022706300020218,16.646877894899042,24.108835220336914,0.005650488310493529,0.47672526819163885,4.346954107284546,-34.40983770627445,0.37877703,-0.1737571675815928,7.45119820687303,2.9093892574310303,0.8957019,0.89665127,2.4490542,0.0070884074084460735,-0.3752434453777094,2.4513803,0.615929126739502,-29.250150909081448,0.7179181575775146,0.0003307521401438862,0.16092931805677269,0.001627782010473311,2.9321467876434326
-62.4817495089652,-11.352347861162269,41.49283218383789,503,1.3344018459320068,3414.0601377487183,0.3763528,444,-0.007545779459178448,18.364916902175747,22.536062479019165,0.009406541124917567,0.5488349304772223,5.856926202774048,-37.97615602751966,0.37584987,-0.2432009895103051,7.517988178630404,2.8193652629852295,0.8800964,0.8827889,2.411132,0.0067392741329967976,-0.0045366621075177875,2.4176328,0.6028096675872803,-26.93671730166364,0.8250207901000977,0.0006779774557799101,0.46586899979129803,0.001860761665739119,2.8564987182617188
-59.56727744618258,-11.378159943325779,38.25202822685242,485,0.6846904754638672,3452.31604552269,0.3780367,400,-0.007566048298031092,12.460701687606194,20.419820547103882,0.011294582625851035,0.6440531884170625,5.9068920612335205,-38.378895300491514,0.3778739,-0.24384766205398437,6.744765584808167,2.7974812984466553,0.89093,0.8918456,2.4373953,0.009557804092764854,-16.671563473924934,2.4396281,0.540449857711792,-26.983992083971643,0.762610673904419,0.0,0.4531708514872539,0.0037285343278199434,2.532282590866089
-57.19345765539372,-7.094874623552378,34.85113525390625,673,1.2404615879058838,3487.1708385944366,0.37519193,401,-0.009988856501877308,12.777674004702625,19.85886263847351,0.01010272566054482,0.6306295555912523,3.588726282119751,-38.2111242244211,0.37453863,-0.002194172007161787,6.862514761184632,2.2524516582489014,0.873306,0.87678623,2.394815,0.009652324952185154,-3.9476437617000903,2.4031641,0.5402603149414062,-23.850939092160605,0.6655073165893555,0.00011188688222318888,0.35662586390370077,0.00011386915866751224,2.5515851974487305
-60.59896088085036,-8.62959095319089,40.30986404418945,619,0.8268470764160156,3527.498734474182,0.3735921,465,-0.006701260805130005,18.503751463054854,22.54414415359497,0.007706684758886695,0.5118140317262876,5.597274541854858,-33.833890062650966,0.37330654,-0.00103162282145792,8.013718684745882,3.013401508331299,0.8666989,0.8682384,2.3790445,0.008267558179795742,-0.008444993330201895,2.3827097,0.5640749931335449,-27.462863561611588,0.7958455085754395,0.0011232346296310425,0.2302418117559054,0.00100542395375669,2.575080394744873
-66.31313931478968,-10.263859685032925,33.911903381347656,550,1.1238257884979248,3561.4146094322205,0.37193194,400,-0.006421530153602362,13.386876458786155,19.323673963546753,0.007909754756838083,0.64204569753361,3.525205612182617,-41.074797834507024,0.37184668,-0.25963725110486285,8.325637619220842,2.2435641288757324,0.8588562,0.8593623,2.3604593,0.007118346635252237,-10.056296898146162,2.3616543,0.5431766510009766,-30.66787469285477,0.5567395687103271,0.0,0.27746272544601147,0.0014882246032357216,2.52657413482666
-59.50716085317023,-6.922927883300408,40.80960178375244,683,0.9134819507598877,3602.2352936267853,0.3726731,401,-0.007359544280916452,11.649739769938062,23.158412218093872,0.009359566261991858,0.7058059631244809,4.5929811000823975,-41.39612881359826,0.3722911,-0.01191508317271908,6.8864585055740255,2.590113639831543,0.86142683,0.86348444,2.366535,0.006636928766965866,-5.6257014754850445,2.3714094,0.5969617366790771,-25.60613478495244,0.7365305423736572,2.058879181277007e-05,0.2362511509405788,0.002000021981075406,2.6952223777770996
-63.49638189465898,-9.856761051236445,42.55572271347046,572,1.3779923915863037,3644.809417486191,0.37252617,403,-0.0038318049628287554,14.811112926821837,24.343204736709595,0.005331767024472356,0.5932290193144696,4.619499683380127,-40.3539741329247,0.3724365,-0.002381321717801484,8.151007837420389,2.8178083896636963,0.86224425,0.8627274,2.3684702,0.007466787938028574,-0.5970521906776469,2.3696148,0.6103556156158447,-26.09784729162772,0.6915616989135742,5.3406333790917415e-06,0.28380215854698754,0.0014999620616436005,2.8557541370391846
-63.42973052163444,-13.067213112031856,43.44612741470337,481,0.6966094970703125,3688.2614254951477,0.36466643,410,-0.00512066762894392,16.501396698266237,24.67301654815674,0.006754326401278377,0.48446210695900205,5.953603267669678,-35.81887865719012,0.36441964,-0.12401028807465136,7.345896754425355,3.1098995208740234,0.81880087,0.8201739,2.2677789,0.007545598782598972,-0.437357459585444,2.2708948,0.5836477279663086,-28.119480809051936,0.9861927032470703,0.001420251210220158,0.4793145856122226,0.0016336587723344564,2.863572835922241
-55.75333116819461,-6.216432816025166,39.56809759140015,683,0.7017550468444824,3727.8348393440247,0.36209553,402,-0.0015964290359988809,10.239833682239471,22.53676128387451,0.003992446116171777,0.7176616846352782,4.502798795700073,-37.25653432793239,0.3618149,-0.19389672670026725,6.035363178998982,2.4240314960479736,0.80432546,0.80586725,2.2351882,0.00897527951747179,-2.878715015790858,2.2386372,0.6132678985595703,-24.52940529639795,0.7528369426727295,0.0021179725881665945,0.28808875322819416,0.0023960170801728964,2.9103946685791016
-61.78260329911197,-9.71111098572582,38.718841314315796,538,0.9900112152099609,3766.5595078468323,0.35714296,400,-0.005986928008496761,11.984412264012963,22.021244049072266,0.008886444615200162,0.6801158328326369,5.007379055023193,-40.047249370223014,0.35683084,-0.45104306663143,7.362411175247527,2.647127389907837,0.7763572,0.7781557,2.17354,0.009984421543776989,-13.424335675770758,2.1774526,0.5515577793121338,-26.357556311472653,0.7242956161499023,0.0,0.3833072922961174,0.0028995166067034006,2.562135696411133
-62.09555980795756,-1.781746562466936,37.154062271118164,2512,0.6374285221099854,3803.7166805267334,0.3568778,401,-0.0006877172854728997,13.513537184072572,20.825275897979736,0.006257750384975225,0.5812785612456763,3.406938076019287,-36.37162068846848,0.35646293,-0.0031813348588992972,4.660642975571255,2.3904786109924316,0.77452046,0.7768718,2.1695514,0.009976671077311039,-2.6838126841781493,2.1746588,0.6436917781829834,-24.940031696773428,0.7254657745361328,2.1363903215387836e-05,0.2727118053092634,0.005570033099502325,2.6344151496887207
-64.52568902363676,-9.921333779754528,38.89002251625061,528,1.350841999053955,3842.6122188568115,0.35103872,420,-0.007371848914772272,16.456854082029782,20.677067279815674,0.009582718834280968,0.500744327913992,5.5174643993377686,-35.94338370426795,0.3509698,-0.10398822831928338,7.864651276034701,2.8650779724121094,0.7433932,0.743782,2.1030595,0.007663345895707607,-0.2798222528264161,2.1038773,0.5192787647247314,-34.45580260756012,0.7635838985443115,0.0010823438642546535,0.3329787492831743,0.0022108699195086956,2.526423215866089
-58.79456494899642,-9.861834908571879,35.26217341423035,543,0.9995076656341553,3877.8774297237396,0.35062766,458,-0.008378440514206886,18.88849851931566,20.81549882888794,0.009519995423033834,0.3698629243534579,3.3989994525909424,-30.41312633515044,0.3505855,-0.22890907712157088,7.277950511908285,2.2910068035125732,0.74123573,0.7415184,2.0985272,0.009095844812691212,-0.009678630171366207,2.0991204,0.5409092903137207,-23.43395992866272,0.5898106098175049,0.0015254105674102902,0.34927975387599675,0.0011415549088269472,2.427227735519409
