0MaxReturn,0AveragePolicyStd,1MinReturn,1PolicyExecTime,1EnvExecTime,1ExplainedVariance,0EnvExecTime,MeanKL,Time,0NumTrajs,0ExplainedVariance,ItrTime,0Entropy,0ProcessExecTime,1StdReturn,LossBefore,1MaxReturn,1NumTrajs,LossAfter,1ProcessExecTime,0PolicyExecTime,ComputeUpdatedDistTime,1Entropy,dLoss,0AverageReturn,MeanKLBefore,1AverageReturn,0StdReturn,0Perplexity,1AveragePolicyStd,0MinReturn,1Perplexity
-0.09421551618105915,1.0,-175.4579928456341,15.145065069198608,2.7854883670806885,0.5268301521659184,2.938495397567749,0.00831015408039093,132.63702392578125,813,0.5008106066255447,132.63702654838562,2.8378768,0.5634727478027344,24.2196148928249,-0.00010761040903162211,-0.9551493763133044,810,-0.01632547751069069,0.5488505363464355,2.446732521057129,33.65522074699402,2.8276684,0.016217867101659067,-69.60455089950152,2.2710346456733532e-05,-61.11951171987167,29.449711162135003,17.079464,0.9950375,-193.29694153846395,16.905998
-0.10613705560180811,1.0049943,-103.69412833769258,15.745503664016724,2.869948625564575,0.5589197491395044,2.76322865486145,0.0071290661580860615,161.75634574890137,816,0.5276578178298172,29.116484880447388,2.8478355,0.5814645290374756,16.73610623928655,0.0008485763100907207,-0.41351032769738305,824,-0.015942353755235672,0.6537518501281738,1.2926597595214844,0.699411153793335,2.835966,0.016790930065326393,-59.07318588608306,2.4971320726763224e-06,-45.42099972989577,23.878657008659705,17.250404,0.99916345,-164.7858714495797,17.046862
-0.7321522057197619,1.0027765,-91.53203038365636,16.09420156478882,2.8537850379943848,0.5850397430690164,2.7737388610839844,0.007078555878251791,191.35023427009583,814,0.5704275093828199,29.591169595718384,2.8434029,0.6228165626525879,12.356418353437983,-0.0024843192659318447,-0.009358771007513405,827,-0.018737709149718285,0.6223845481872559,1.289245843887329,0.7176532745361328,2.8308122,0.01625338988378644,-49.109184273649625,2.3726499421172775e-05,-36.11026319866537,17.597205099457618,17.174107,0.9966142,-130.0100668576593,16.95923
-0.30021357563983486,1.0001029,-62.167975705710084,15.757818460464478,2.8780152797698975,0.5949934195373634,2.795968770980835,0.006777901202440262,220.853440284729,818,0.5554143465651208,29.500441789627075,2.8380663,0.633983850479126,9.982633159688085,0.0007378897862508893,-0.15136976146043865,854,-0.01460496336221695,0.6230275630950928,1.3185360431671143,0.8231966495513916,2.8265834,0.015342853148467839,-43.81057580528205,6.656010214101116e-07,-28.31232699410868,16.68087510599684,17.0827,0.9945645,-99.48518493560013,16.887663
-0.07912608101806848,0.9931763,-53.89100423812553,15.915557861328125,3.125897169113159,0.605532615558074,2.8006751537323,0.006660402752459049,250.83394646644592,812,0.6063836671940963,29.977501153945923,2.8241713,0.6376776695251465,8.53900260731094,-0.0012213106965646148,-0.14386263895928014,867,-0.015440975315868855,0.6518774032592773,1.3114361763000488,1.0667023658752441,2.8158562,0.01421966461930424,-39.44304360966215,4.444862952368567e-06,-24.47475004129506,13.369353334562929,16.84698,0.9891698,-77.95751520794614,16.707476
-0.006487605939036887,0.98900545,-53.71459826057161,16.185121536254883,2.8971824645996094,0.5824359380898998,2.7485451698303223,0.00696549890562892,280.30945658683777,816,0.6019573169958841,29.471262454986572,2.8157601,0.6297042369842529,7.98726390392441,0.0025484729558229446,-0.002551359400825203,880,-0.009142255410552025,0.6165072917938232,1.3181884288787842,0.7338144779205322,2.807298,0.01169072836637497,-41.59368686947693,2.978867996716872e-06,-21.808149970647513,14.573473158025433,16.70587,0.9849605,-88.67456380654889,16.565098
-0.0024854192339209104,0.98123276,-41.61645089063406,16.17231297492981,3.0421676635742188,0.5819814350532806,2.7394349575042725,0.007147629279643297,309.7785997390747,820,0.6050737724892414,29.466328859329224,2.7999763,0.6152338981628418,6.707010829322674,0.0023040815722197294,-0.23292034330107175,907,-0.008235806599259377,0.6646547317504883,1.2983932495117188,0.633944034576416,2.7901735,0.010539888171479106,-39.82916269907145,1.9453285858617164e-05,-18.176125080199864,14.023859196188853,16.444258,0.9765704,-71.80192937009025,16.283846
-0.6958188260005944,0.96659845,-43.256550009653246,15.75681209564209,2.939795970916748,0.5552007052689021,2.7601406574249268,0.007570547517389059,338.69856119155884,815,0.5800269148738854,28.917081594467163,2.7699277,0.6264936923980713,6.945925578711887,0.0033893901854753494,-0.010743445268007473,922,-0.006791980471462011,0.6444816589355469,1.289175271987915,0.6418123245239258,2.7596538,0.01018137065693736,-39.44770747379397,1.422711420673295e-06,-16.80348096301325,14.694043725936309,15.95748,0.9617795,-75.7709939345207,15.794374
-0.8969834176185127,0.95725185,-35.279063877353266,16.64033007621765,3.085981845855713,0.5256036116222161,2.780435800552368,0.009230016730725765,368.79671931266785,810,0.6234076375611932,30.095211267471313,2.750492,0.6315524578094482,7.031198004847958,0.00566454604268074,-0.22109812206408208,940,-0.0033018693793565035,0.6693236827850342,1.293210506439209,0.6549818515777588,2.7466307,0.008966415422037244,-44.02507736506056,0.0005211741663515568,-16.04672246249807,15.020904128283023,15.6503315,0.9554915,-74.32826239642375,15.590015
-0.06608002092272953,0.943713,-35.54182721448359,15.969815969467163,2.9158542156219482,0.46970681525615554,2.807119131088257,0.007132396101951599,397.8548038005829,823,0.5737912950950611,29.055264234542847,2.7220092,0.6251006126403809,6.703251335322989,0.0035178817342966795,-0.011726183403279166,951,-0.005919615738093853,0.6389296054840088,1.319035291671753,0.6791472434997559,2.7129228,0.009437497472390532,-39.635587669662186,1.915226130222436e-05,-14.587111353920207,15.282870323204154,15.210853,0.9395695,-73.39570586755723,15.073268
-0.09774751816535458,0.92774177,-31.108842399618247,16.25177812576294,2.9798381328582764,0.5657299949489124,2.8306286334991455,0.008668908849358559,427.4909338951111,817,0.6027613603427171,29.632715225219727,2.6878648,0.6500892639160156,5.886511717472444,0.0015197950415313244,-0.012961313939066427,946,-0.005851331632584333,0.643930196762085,1.3126130104064941,0.7639071941375732,2.6786764,0.007371126674115658,-39.268864905619,0.0010306546464562416,-13.975361630513596,14.100354891572794,14.700254,0.92363286,-70.2904632914798,14.565801
-0.08300602817348383,0.9061109,-30.63411596064999,16.65049958229065,2.942227363586426,0.4598872668445523,2.771421432495117,0.00839340128004551,457.05162048339844,819,0.6070424546623792,29.557741165161133,2.6406724,0.6131200790405273,6.597531081395753,0.003179071005433798,-0.007614931122912199,967,-0.003917485475540161,0.6455249786376953,1.307647705078125,0.6386406421661377,2.6267557,0.007096556480973959,-41.24621448006529,0.00038061485975049436,-13.512426619503579,15.01444971864942,14.02263,0.8999515,-66.79354336244727,13.828833
-0.09863986764789504,0.8995655,-29.40703367166615,16.430066108703613,2.910752058029175,0.44391663490226874,2.784707546234131,0.008887509815394878,486.5718672275543,827,0.5843327366054454,29.517239093780518,2.6261327,0.6321432590484619,5.695415287361552,0.0021109716035425663,-0.10973090449650241,1020,-0.0027427326422184706,0.6412920951843262,1.313971996307373,0.6268234252929688,2.6121511,0.004853704245761037,-34.699569809168224,0.003419258864596486,-11.438654716623557,13.033450376549892,13.82022,0.8934084,-62.87635741620077,13.628336
-0.007313690918470253,0.88278675,-33.36236223298313,17.37659215927124,2.89056658744812,0.39931323343496694,2.8028812408447266,0.00765836238861084,517.0168797969818,844,0.5135625129126689,30.442188024520874,2.588505,0.6542143821716309,6.46789292539921,0.00789426825940609,-0.00934260479791854,1002,0.0027071922086179256,0.6582114696502686,1.3224124908447266,0.6802217960357666,2.579671,0.005187076050788164,-35.578278594134936,9.994593710871413e-05,-11.919735467718365,15.980227979955272,13.309859,0.8790224,-73.29970099946803,13.192796
-0.003278025830360322,0.85828656,-35.44302666626839,17.173041820526123,2.9705324172973633,0.40406253254019997,2.723519802093506,0.007451061625033617,547.2826418876648,840,0.4774642038815521,30.262928247451782,2.5322397,0.6475763320922852,7.048288469273533,0.0032475218176841736,-0.0075577358883505774,1015,-0.0008584547904320061,0.664609432220459,1.3086822032928467,0.6893208026885986,2.525766,0.00410597660811618,-35.42412508541622,8.78920909599401e-05,-11.90699678857866,16.85144331999861,12.581654,0.8556259,-70.61452123066765,12.500465
-0.09487330558431058,0.8392811,-35.89295368517643,16.23755717277527,2.920241117477417,0.35322500579787064,2.8579652309417725,0.006875918712466955,576.8119781017303,815,0.5930532157000866,29.52648401260376,2.4874442,0.6511852741241455,6.755194303785489,0.0035729357041418552,-0.006371824591401609,1015,-0.00103191495873034,0.6554563045501709,1.3012466430664062,0.6280028820037842,2.484757,0.004604850662872195,-39.53402299077675,3.4955612591147656e-06,-11.632611084820038,14.72511586395988,12.030489,0.8382621,-68.99416962159366,11.998203
-0.38926538467852567,0.8157053,-34.70873589570217,16.244147539138794,2.9249210357666016,0.42031310180049664,2.737226724624634,0.007567381951957941,606.1238739490509,809,0.6332322251345022,29.309168100357056,2.4304292,0.6262714862823486,7.667101430435481,0.0024258210323750973,-0.004516517711281015,996,-0.005349752493202686,0.6434054374694824,1.2688581943511963,0.6109147071838379,2.4231126,0.007775573525577784,-43.064147310908595,5.358290582080372e-05,-12.769912035738782,14.435787900322808,11.363759,0.81282663,-72.97463967687219,11.280918
-0.4514260945715568,0.8074265,-29.15261533558804,15.990855693817139,2.888371229171753,0.38813131602919015,2.708735466003418,0.008099949918687344,635.4017658233643,817,0.5760095805781343,29.2744722366333,2.4100263,0.6521399021148682,7.220653772716678,0.0012869869824498892,-0.005301721094063894,1045,-0.00589505722746253,0.6459004878997803,1.2599694728851318,0.6826052665710449,2.3988454,0.007182044209912419,-41.22788814853158,5.318756848282646e-06,-11.316202270677651,15.698558687596813,11.134254,0.80300534,-67.02056448965624,11.010457
-0.004619517403552707,0.79020625,-30.00806538801781,17.70977783203125,2.9252121448516846,0.4761225108244075,2.7141568660736084,0.00805140845477581,666.3433725833893,827,0.5476777782809907,30.9384868144989,2.3669245,0.6281013488769531,6.755209563746204,0.003765203757211566,-0.03897848055726435,978,-0.001850728876888752,0.6460280418395996,1.2374563217163086,0.6949920654296875,2.3577125,0.005615932634100318,-38.84251810567004,7.092303712852299e-05,-12.663885978167034,16.127344387451195,10.664543,0.7867221,-68.25790257589095,10.566752
-0.13378856276157303,0.779169,-26.399784693132794,16.780238151550293,2.973752975463867,0.35576761578616445,2.7050702571868896,0.006487590726464987,696.449187040329,817,0.5698150052584424,30.10314393043518,2.3387983,0.6460802555084229,6.609344806410825,0.005691363476216793,-0.0069226131861647566,1072,0.0013318794080987573,0.6507241725921631,1.1969094276428223,0.6537604331970215,2.3338978,0.004359484068118036,-36.53509312350772,0.0001510738511569798,-10.463190003105291,14.09616171536488,10.368769,0.77733904,-62.68095110201642,10.318081
-3.3484596743729487,0.7722083,-28.838387725159073,16.61218500137329,2.9261178970336914,0.3487056704095596,2.632615089416504,0.00763263925909996,726.1162712574005,802,0.7295150580234622,29.663477659225464,2.3207934,0.6172399520874023,6.404001234342667,0.005525173153728247,-0.11121911819216214,1086,0.000427045306423679,0.6461384296417236,1.1327457427978516,0.6099772453308105,2.3135643,0.005098127847304568,-41.33731951335688,3.633187952800654e-05,-9.848596420925796,10.99784686378721,10.183751,0.7695197,-60.92549132577248,10.110397
-0.10609593647177037,0.7591152,-29.769241403183504,16.974270343780518,2.9193115234375,0.3669502795737012,2.6127517223358154,0.006784061901271343,756.2061150074005,823,0.48403071923176133,30.087160110473633,2.2865448,0.6340968608856201,6.358929692089616,1.3211846408012207e-06,-0.012393779915471567,1054,-0.0023568659089505672,0.6567926406860352,1.0980634689331055,0.8213901519775391,2.2767158,0.0023581870935913685,-34.24760390172607,0.0,-10.19695437878406,15.722918224621745,9.840877,0.75551105,-66.27969905681442,9.744624
-0.4487033901735733,0.74045855,-27.338323273238718,16.552770376205444,2.9508776664733887,0.3265918638790615,2.7497270107269287,0.006758497562259436,785.7745893001556,815,0.5932929232027516,29.564668893814087,2.2367456,0.6461808681488037,7.036433555027939,0.0028436672873795033,-0.005381092405874066,1055,-0.0011887529399245977,0.6412036418914795,1.0962920188903809,0.6300816535949707,2.2312205,0.004032420227304101,-38.14879665516698,9.050401422427967e-05,-10.878908634869589,14.154667388693934,9.362811,0.73852706,-62.51843937830675,9.311223
-0.004845631068362825,0.7274917,-26.07105656924786,16.383842706680298,2.9106483459472656,0.33306076502634097,2.7584900856018066,0.009451569989323616,815.3472685813904,813,0.5888961641861257,29.56985330581665,2.2013302,0.6391029357910156,6.818817985936978,0.0033824064303189516,-0.0028082005602333344,1102,0.0009626982500776649,0.6632511615753174,1.2065489292144775,0.6729559898376465,2.1916559,0.0024197081802412868,-36.748864593135,2.9697535865125246e-05,-9.880481311272293,13.740421880451432,9.037026,0.7240941,-59.66140129149804,8.950021
-0.0638762241661749,0.7200296,-30.86628778874391,17.754961013793945,2.950975179672241,0.29982907560301253,2.690023422241211,0.007429420482367277,845.942305803299,818,0.5642190576462562,30.592183351516724,2.180834,0.6363406181335449,7.04542566946249,0.0015861917054280639,-0.0060970649747735675,1079,-0.0018229915294796228,0.6550962924957275,1.1723687648773193,0.6129517555236816,2.1719573,0.0034091832349076867,-37.497101932103924,5.028276973462198e-06,-10.18619495748504,14.668089143550537,8.853687,0.71692073,-67.62660004796776,8.775443
-0.00968167806755154,0.7104471,-29.225460299807335,16.824382066726685,2.9185585975646973,0.38429712877441646,2.819314479827881,0.007217002101242542,876.2561814785004,843,0.4977581121899617,30.31094980239868,2.1539037,0.6545937061309814,6.828487788405219,0.003909772261977196,-0.003855351511671971,1063,-0.0014746738597750664,0.6457934379577637,1.1858437061309814,0.6068518161773682,2.149725,0.005384446121752262,-34.733126572239,0.0004041104984935373,-10.344144787203513,16.06075659347392,8.618437,0.70905983,-60.271544703477566,8.582498
-0.00965324393486136,0.70681185,-25.857385358379016,16.896613597869873,2.928842782974243,0.3166728741062651,2.8643150329589844,0.008148975670337677,907.1045212745667,835,0.5302245921540262,30.845494270324707,2.1436121,0.6521294116973877,5.730286649957808,0.00366206094622612,-0.008099988785293987,1142,0.0006204340606927872,0.6565933227539062,1.237116813659668,0.6052513122558594,2.1323757,0.003041626885533333,-34.886132934517114,0.00352835631929338,-8.419333607200446,15.10589073278919,8.530194,0.70297027,-59.003971107118126,8.434882
-0.007700969845570353,0.6901235,-35.30857249597276,16.683141231536865,2.903721332550049,0.2633242744479706,2.9431018829345703,0.008289272896945477,938.4541742801666,864,0.42668415728338227,31.346757650375366,2.0955942,0.6917645931243896,7.765513339806491,0.002950431313365698,-0.008616760504107918,1084,-0.0006165722152218223,0.6348578929901123,1.3426024913787842,0.6011841297149658,2.0911887,0.00356700352858752,-33.88462093814604,0.0004210560000501573,-10.301197284069751,17.87861328975313,8.13027,0.68866014,-64.47417188344743,8.094531
-0.10757790786048017,0.68017745,-36.325329221737356,16.648179292678833,2.9382781982421875,0.2968367891270902,2.85310697555542,0.009086723439395428,969.3447780609131,805,0.5514906607310174,30.887813091278076,2.0663204,0.7000739574432373,7.798004012770728,0.0016271157655864954,-0.07932662783820801,1043,-0.005885018967092037,0.6434893608093262,1.3410544395446777,0.60430908203125,2.0612197,0.007512134732678533,-38.27189211560293,0.00011703719792421907,-11.165848008917298,15.035634520469051,7.8957167,0.67859364,-69.49487219076669,7.8555455
-17.493119001299526,0.67511475,-29.540858000895955,16.567374229431152,2.9055490493774414,0.26520250120234135,2.904728412628174,0.00939108058810234,1000.4013686180115,800,0.6527749159210074,31.051473140716553,2.051306,0.6586580276489258,7.411769020829948,0.0028293668292462826,-0.1063284416969326,1059,-0.001614067004993558,0.6284928321838379,1.2981929779052734,0.6025786399841309,2.050802,0.0044434338342398405,-39.05017941398527,0.0,-10.549707025551548,12.425149352837936,7.778053,0.67505103,-62.857247425021214,7.774133
-0.007568213496446814,0.6654183,-24.47583730004038,16.3965482711792,2.867509126663208,0.3489142696671057,3.150451183319092,0.007016362156718969,1032.230404138565,849,0.48925746367462186,31.825899839401245,2.022743,0.712665319442749,5.8064512862064355,0.0025988260749727488,-0.0033966994831130816,1106,-0.0010955259203910828,0.6400454044342041,1.3465940952301025,1.1459643840789795,2.014346,0.0036943519953638315,-33.386498114704004,7.572885078843683e-05,-8.762759307363167,15.825765814536437,7.559031,0.6627013,-60.56912164843391,7.4958224
-0.11656370740170519,0.6532771,-35.36952272471687,16.648466110229492,2.891629695892334,0.2542142407843767,2.7764570713043213,0.006381420884281397,1063.1500029563904,827,0.529155764970815,30.91676926612854,1.9857218,0.6436200141906738,8.836335932764444,0.004852465353906155,-0.03248877253448704,1041,-0.0013130767038092017,0.6139321327209473,1.3132500648498535,0.6020267009735107,1.9752142,0.006165542057715356,-39.25119330458233,0.0001112366298912093,-11.884471545990058,16.772352732832058,7.2843037,0.649951,-68.23445695639343,7.2081637
-1.369622097185104,0.6478831,-33.72492478080595,16.419737100601196,2.886258602142334,0.20900633416928827,2.841083288192749,0.009014545008540154,1094.3368835449219,813,0.494820062356637,31.184025049209595,1.9690778,0.6585202217102051,7.931431112195475,-1.070790789370335e-09,-0.005548359221565762,1276,-0.004645180888473988,0.6385271549224854,1.286564588546753,0.6026628017425537,1.9619509,0.004645179817683198,-35.208826540594984,0.0,-8.375387294446202,15.56397096131257,7.164067,0.64573383,-71.24600713322103,7.1131907
-0.4294139025424503,0.6411485,-37.77836654941904,16.74253535270691,2.8534507751464844,0.3057989753131398,2.94508957862854,0.00853003840893507,1126.0539858341217,815,0.5933594639159407,31.71428370475769,1.9476755,0.6682050228118896,8.007595773761695,0.0011977662798017263,-0.008930374088908786,1018,-0.0015942479949444532,0.6457817554473877,1.3416266441345215,0.6060795783996582,1.9441047,0.0027920142747461796,-39.07964343842013,0.0006667718989774585,-11.57646745512151,14.556771084453159,7.012368,0.64007914,-70.35889301831911,6.987373
-11.948485496460902,0.6375497,-26.184824414369753,16.33319115638733,2.8551650047302246,0.39026924560333387,3.0762908458709717,0.006811185739934444,1157.6587026119232,801,0.6330139078248405,31.60186743736267,1.9369222,0.7178583145141602,6.814992024844461,0.0007837234297767282,-0.10174675346435523,1063,-0.004572363570332527,0.6265082359313965,1.358668327331543,0.6234021186828613,1.9231304,0.005356087000109255,-38.047799791047,5.467122537083924e-05,-10.205080267933669,12.621265968501131,6.937366,0.63325375,-61.69699283043526,6.8423443
-0.005959562004098201,0.6319091,-34.22652757391665,16.485699892044067,2.8316988945007324,0.3410440751514653,2.7917556762695312,0.007262575905770063,1188.9556231498718,845,0.5010732200257235,31.29375720024109,1.9192216,0.6508193016052246,7.934214909210767,0.0037893715780228376,-0.004320410278456884,1051,-0.001001005875878036,0.6223645210266113,1.36210036277771,0.7135028839111328,1.913637,0.004790377453900874,-36.270828163959365,5.977127784717595e-06,-11.265373615050315,16.82255607080765,6.8156514,0.6302125,-65.85408471315019,6.7776947
-0.009094109236274905,0.62711716,-33.22562688353214,17.133532524108887,2.9104371070861816,0.2750550537739178,3.0449700355529785,0.009611742570996284,1221.5656094551086,880,0.44024392721902805,32.606958866119385,1.9041331,0.6957721710205078,6.508053722923623,0.002703895326703787,-0.0038229874189981763,1146,-0.0013907719403505325,0.6369645595550537,1.434236764907837,0.7033636569976807,1.8938128,0.004094667267054319,-31.74511922817395,0.00025091180577874184,-8.672841170439886,17.17129400308414,6.713585,0.6239711,-69.28315996881275,6.644655
-1.4574056577315286,0.62511265,-40.83476920725364,16.554412841796875,2.8330180644989014,0.15454721502740165,2.9980392456054688,0.007976049557328224,1253.3684751987457,803,0.6609104355124639,31.80006432533264,1.8976271,0.6620452404022217,8.035459566877323,0.003885244484990835,-0.0007546040672468337,1199,0.0005124857416376472,0.6212477684020996,1.3653748035430908,0.7496888637542725,1.8859614,0.003372758743353188,-38.21605101687582,4.400134457682725e-06,-8.83769351327045,12.007643358769391,6.670048,0.6216002,-71.8138680551241,6.5926895
-0.007632492618991971,0.6182195,-27.465031341054374,16.79606318473816,2.8983092308044434,0.3308122864297599,2.862657308578491,0.007601384073495865,1285.2577018737793,812,0.5559331784214465,31.886473894119263,1.8754766,0.6474494934082031,7.138891460106532,0.0030339364893734455,-0.0749665463256458,1067,-0.0012777273077517748,0.6348733901977539,1.3938755989074707,0.7123382091522217,1.8675084,0.00431166379712522,-34.34461078632149,3.610230851336382e-05,-10.328663799631846,13.815115700704078,6.5239277,0.6158418,-61.88662635502934,6.4721503
-14.125347230682436,0.6129566,-31.121676584911388,16.47303318977356,2.8170857429504395,0.2977756843739713,2.811074733734131,0.006291110534220934,1316.5443654060364,800,0.6739331085183702,31.282646417617798,1.858534,0.6385085582733154,6.943047750855001,0.0012423568405210972,-0.10564916069046118,1061,-0.005355075933039188,0.6163444519042969,1.327592372894287,0.8198904991149902,1.8547989,0.006597432773560286,-38.90069869817417,0.0,-10.171122575031594,11.792680920291692,6.414326,0.6118995,-67.1553941183342,6.3904133
-1.8732572422302296,0.6087852,-41.5753073070795,16.717226028442383,2.807640790939331,0.21808165667861257,2.965385913848877,0.007252299226820469,1348.0348825454712,802,0.644564508175177,31.487606525421143,1.8448693,0.6777560710906982,9.495468059028862,0.0030325190164148808,-0.2385197184752948,1052,-0.002935281489044428,0.6272523403167725,1.4438371658325195,0.6484458446502686,1.831788,0.005967800505459309,-42.9432879742978,2.925520675489679e-05,-11.93614434759643,13.948433643105945,6.3272724,0.6048986,-71.89698466739631,6.2450423
-15.408923784854748,0.60127765,-35.44088590218359,16.563433408737183,2.8146328926086426,0.3032793219413463,2.8234236240386963,0.009903660044074059,1378.9346432685852,800,0.6677140690643235,30.89690065383911,1.8200834,0.6461055278778076,8.490233358378035,0.0015805214643478394,-0.1252243040388483,1034,-0.004891502670943737,0.621427059173584,1.4200835227966309,0.6132564544677734,1.8083286,0.006472024135291576,-41.89622205889759,0.0,-11.997789339581054,12.881381708599568,6.1723733,0.5978614,-65.31644735455393,6.100243
-0.44715400610196054,0.60241604,-33.237958333084975,16.62160348892212,2.7919347286224365,0.2897180302866148,3.144899845123291,0.008785494603216648,1410.0925829410553,807,0.6179291369347926,31.15509057044983,1.8239324,0.7245190143585205,8.480825348595813,0.0028230303432792425,-0.004252728707947673,1042,-0.0052063846960663795,0.5998232364654541,1.5695040225982666,0.6165850162506104,1.8300258,0.008029415039345622,-42.32695995918783,8.853862527757883e-05,-11.697969205424233,14.743715815513113,6.1961765,0.6043016,-66.86050980239018,6.2340474
-0.003986917946363719,0.59775734,-33.37682878716191,16.648488759994507,2.8609251976013184,0.2710555311915803,3.071838855743408,0.00768925528973341,1442.6757218837738,866,0.4067406967906422,32.58041858673096,1.8085176,0.7129595279693604,6.805155032098379,0.002831563586369157,-0.006805285757960471,1099,-0.0012226449325680733,0.6424026489257812,1.7432136535644531,1.3165183067321777,1.8036202,0.00405420851893723,-32.128168795614606,0.0008318875916302204,-9.15342373708692,17.765156481628605,6.101396,0.5963376,-69.19721477432618,6.071588
-0.12973407590167482,0.5847344,-30.247667554411525,16.87253975868225,2.9107048511505127,0.30294323068531537,3.066352128982544,0.009253306314349174,1474.563404083252,825,0.540539558611178,31.884997367858887,1.7641962,0.6777458190917969,8.01425416505781,0.002408004831522703,-0.0022686334830750725,1066,-0.0034478618763387203,0.619086503982544,1.5404891967773438,0.6032521724700928,1.7571754,0.0058558667078614235,-37.724771992738894,0.000928799039684236,-11.094815820455837,15.837059141574732,5.836879,0.58277845,-65.35635792737182,5.796043
-0.05728448421905244,0.5790116,-32.471570127854356,16.82853412628174,2.914886236190796,0.27366960360011405,2.9686150550842285,0.006985998246818781,1506.039633989334,851,0.49066652369417796,31.47236704826355,1.7443486,0.6711013317108154,7.676727854403723,0.0031318007968366146,-0.005997643066166032,1117,-0.0004683213192038238,0.6239054203033447,1.5026304721832275,0.7040896415710449,1.7332375,0.0036001221160404384,-34.88736235464494,0.0006810222403146327,-9.91440058575243,16.474135131945964,5.722173,0.5758711,-66.10463863294524,5.658945
-0.008394429823667069,0.573376,-25.391174018124172,16.713751316070557,2.8915767669677734,0.46404234213209805,2.865654945373535,0.00958933960646391,1537.1130607128143,805,0.5531986776943012,31.07006287574768,1.7249508,0.6428306102752686,7.096250386051036,0.0015311242314055562,-0.000696716914149665,1057,-0.002397321630269289,0.6140561103820801,1.5585646629333496,0.6495091915130615,1.7193784,0.003928445861674845,-36.61557843200723,0.006361495237797499,-11.057044915545413,14.453319962821283,5.612245,0.57187736,-56.04975192638755,5.581058
-5.31899348561025,0.57197666,-35.83753146772428,16.5981502532959,2.752047538757324,0.1824674280199895,2.9096009731292725,0.008620013482868671,1567.7022259235382,801,0.603301938937567,30.586462259292603,1.7201194,0.6629776954650879,8.595108757032063,0.0021699299104511738,-0.05538293387200342,1110,-0.0027082846499979496,0.5969536304473877,1.6663694381713867,0.617042064666748,1.7092923,0.004878214560449123,-39.79486947041445,8.515008630638476e-06,-10.248357668369756,14.077023146731626,5.585195,0.56898016,-70.66965174749521,5.52505
-0.10512493641603404,0.5673336,-32.072647429916394,16.615734100341797,2.7882447242736816,0.2331825819722303,2.831218957901001,0.007693005260080099,1598.0233817100525,837,0.5212300937210164,30.318252563476562,1.7039702,0.6461844444274902,6.968205087135135,0.0029733367264270782,-0.06629290966758898,1114,0.0009693581378087401,0.6126751899719238,1.7161569595336914,0.5906426906585693,1.6974332,0.002003978588618338,-35.78854756769786,1.9061202692682855e-05,-9.174678053138631,15.852137707910169,5.4957232,0.5655625,-68.46304418140559,5.459915
-13.15440122327024,0.5657467,-33.05357278337089,16.910013437271118,2.796525001525879,0.31426048244439775,3.1431291103363037,0.009204837493598461,1629.2232582569122,801,0.6095135088578418,31.19663166999817,1.6982362,0.6522443294525146,8.205977786181853,0.002164724050089717,-0.11281122983244075,1111,-0.0019303380977362394,0.6081669330596924,1.9550416469573975,0.5959336757659912,1.6866491,0.004095062147825956,-39.62948787862377,2.9000952054047957e-05,-10.574097307357716,13.822796043033199,5.464301,0.5625801,-67.28687309447409,5.401351
-20.30775613254648,0.5614263,-32.45601043587578,16.770707607269287,2.8072094917297363,0.1881884080765427,2.882903814315796,0.007809267845004797,1660.8483211994171,800,0.8019312197506726,31.618362188339233,1.6830283,0.607213020324707,7.897985725121272,0.0026516348589211702,-0.13390138602694943,1220,-0.0049216425977647305,0.603865385055542,1.8272271156311035,1.2746243476867676,1.6784627,0.007573277456685901,-43.851708782754514,0.0,-8.648505809467023,9.491831352495048,5.3818293,0.5601955,-65.46296856946972,5.357314
-0.29094495927701924,0.55645984,-27.16520275396749,16.854445219039917,2.798701763153076,0.17972541817161036,3.0202510356903076,0.07357943058013916,1693.2122068405151,830,0.5126425128524725,32.361191749572754,1.6653235,0.6531827449798584,6.622819503714674,-0.00018894477398134768,-0.010204349981945197,1236,-0.00018894477398134768,0.6180040836334229,1.736140489578247,0.5958085060119629,1.6588318,0.0,-36.06050282767027,0.07357943058013916,-7.81725190571412,15.657535381980171,5.2873836,0.55476195,-59.391744101162786,5.2531705
-0.09725275137245287,0.55645984,-28.202169174041632,16.77946925163269,2.7787914276123047,0.39708683044023163,2.804868221282959,0.00869238656014204,1723.7226359844208,830,0.5888784675569256,30.50665783882141,1.6653236,0.6212265491485596,6.824505079702309,0.0026197126135230064,-0.14090347313686136,979,-0.0037609755527228117,0.5844824314117432,1.6255357265472412,0.5916829109191895,1.6570742,0.006380688166245818,-39.39032741932949,0.0004545053234323859,-11.84628698072214,15.43819314968239,5.287384,0.5542465,-62.539568072542004,5.2439456
-0.005581002590253569,0.5537182,-26.482167744848628,17.27120327949524,2.923509120941162,0.30445013496738726,2.8916616439819336,0.008410653099417686,1755.138602733612,837,0.6124731104282468,31.412801265716553,1.6552064,0.6056876182556152,7.09785189016436,0.0049874973483383656,-0.010187712341333087,1061,-0.0028528980910778046,0.6271016597747803,1.7233014106750488,0.6000175476074219,1.6414313,0.00784039543941617,-38.21844447696262,0.00012149463873356581,-10.406181437658502,14.82997420253828,5.2341604,0.5500124,-61.91501581088558,5.162554
-0.008325485564118957,0.55251306,-29.35519647302629,17.166300773620605,3.0244462490081787,0.24813047476949124,2.9512951374053955,0.008179458789527416,1786.4942588806152,825,0.612102170605733,31.352935314178467,1.6508558,0.6503498554229736,7.70106587537429,0.003550976049154997,-0.10098783392309314,1121,-0.00346178887411952,0.6580066680908203,1.8086020946502686,0.6084346771240234,1.6431844,0.007012764923274517,-41.05223252959569,6.982652121223509e-05,-9.8918907155904,15.118596235434612,5.2114377,0.55043507,-66.73990858820738,5.171612
-3.1731458817045923,0.54876477,-28.41996964475438,16.93917155265808,2.8181140422821045,0.26154935962868475,3.0028319358825684,0.007443457376211882,1817.5600416660309,801,0.6674159802376002,31.06164574623108,1.6373196,0.6228048801422119,7.214113108855757,0.003924221731722355,-0.0044349274000361,1199,-0.0008021043613553047,0.5955955982208252,1.8857195377349854,0.5966339111328125,1.62566,0.00472632609307766,-40.52885277440306,1.1694269232975785e-05,-8.751561336937042,12.5096471950307,5.14137,0.5456551,-65.57498060861779,5.0817714
-0.0031807361149799682,0.542676,-31.172917382419627,16.81489872932434,2.767042398452759,0.3498684126868844,3.136502981185913,0.007209222298115492,1848.456265449524,840,0.48289592580002605,30.889440536499023,1.6149427,0.6811299324035645,8.694468610863401,0.0018272076267749071,-0.004518673487232366,1013,-0.0032840478233993053,0.6022849082946777,1.8314194679260254,0.5991823673248291,1.6056293,0.0051112554501742125,-37.86830337985893,0.0010930744465440512,-12.805762676194748,18.081631543937586,5.0276,0.54021823,-64.74544841177185,4.9809933
-0.2877625614459291,0.5403739,-24.155751145664436,17.930689573287964,2.8184311389923096,0.3576336287456551,3.117539882659912,0.009424200281500816,1880.8871297836304,816,0.6090554545212139,32.427977561950684,1.6064833,0.6961517333984375,6.187256372819561,0.0008841076632961631,-0.0007642558393707975,1046,-0.004154032561928034,0.6191661357879639,1.994258165359497,0.667708158493042,1.6005144,0.005038140225224197,-38.055273123353544,0.0006902302848175168,-9.983365950637788,13.708441811881494,4.985249,0.5388452,-60.58094053639741,4.955581
-0.0966932913476527,0.5384907,-30.752514176949965,17.171316862106323,2.825864791870117,0.40072648182319115,2.992706060409546,0.00809446070343256,1912.316217660904,825,0.5413107813488951,31.424105644226074,1.5994529,0.6284961700439453,7.177275704860651,0.0031547551043331623,-0.006809473189500862,1132,-0.0010030374396592379,0.6289503574371338,1.8468050956726074,0.6694607734680176,1.5906516,0.0041577925439924,-36.75697642348821,0.0003142646455671638,-9.145996944489402,15.270367402815184,4.950323,0.5361937,-70.93507123669183,4.906945
-2.396474262470593,0.5328096,-29.075559346738896,17.212823152542114,2.837336778640747,0.2339662553381333,3.027477741241455,0.007378643844276667,1944.1785986423492,803,0.7021287611860847,31.859603881835938,1.5783111,0.6345748901367188,6.1074419913549916,0.003340718802064657,-0.003966813946469659,1214,-2.4350965759367682e-05,0.6403005123138428,1.8155193328857422,0.8071436882019043,1.5673435,0.003365069767824025,-37.13230875621168,0.00010512164590181783,-7.559668081572844,10.598310321212379,4.846763,0.52997947,-60.82719937326349,4.793896
-0.006054276959213278,0.5288906,-27.35671188871737,17.03389883041382,2.877734661102295,0.28449585742274763,2.9768810272216797,0.008159023709595203,1975.0350003242493,826,0.5736581179143732,30.85345220565796,1.5635873,0.6373264789581299,6.876109232977332,0.0027187466621398926,-0.004476527832593411,1110,-0.0038584708236157894,0.6100583076477051,1.7576138973236084,0.5950860977172852,1.5467563,0.006577217485755682,-38.58097417068122,0.0004085350956302136,-9.434311268550113,15.315023080011843,4.7759233,0.52452147,-61.707611713786534,4.6962123
-0.0031520590938152156,0.52595437,-27.96878904280754,17.17563772201538,2.807041645050049,0.23652457127791338,2.9450271129608154,0.007071171421557665,2006.532458305359,819,0.5371646783699928,31.49466109275818,1.5525391,0.6583709716796875,7.380203801270668,0.0023618158884346485,-0.001148816323056073,1340,-0.0014530327171087265,0.6270914077758789,1.8926432132720947,0.6227221488952637,1.5461649,0.003814848605543375,-36.10514468209753,6.279906665440649e-05,-7.750243516821374,14.963096879906095,4.7234483,0.52434665,-63.334042266227435,4.6934357
-0.4225268992709344,0.5285674,-29.723723077388314,17.189565420150757,2.8087453842163086,0.2934918961451528,3.026836633682251,0.008404359221458435,2037.8374655246735,820,0.6022518842040334,31.297853708267212,1.5624552,0.6586954593658447,7.648532820706778,0.0013802703469991684,-0.10882172006254448,1077,-0.005754686426371336,0.6035952568054199,1.8569397926330566,0.588994026184082,1.5490185,0.007134956773370504,-40.80089392602448,0.0006193792214617133,-10.487489247817072,14.9168956808857,4.7705193,0.52511424,-64.32474750782426,4.706848
-4.913798934420702,0.52867126,-27.362126152004784,17.235828399658203,2.838991641998291,0.25726811546168515,2.8339760303497314,0.0065582990646362305,2069.088884115219,801,0.6198106841733946,31.244027376174927,1.5627221,0.5914516448974609,7.257783254037142,0.0011119642294943333,-0.006220046481584885,1198,-0.0026827834080904722,0.6135392189025879,1.8797557353973389,0.6515607833862305,1.5559703,0.0037947476375848055,-38.064665451077445,7.860275985649423e-08,-8.786076105787554,13.001535875746702,4.771793,0.5270549,-59.70442525711107,4.739683
-1.0963072745793554,0.52205557,-21.7183759629459,17.311732292175293,2.798447370529175,0.3663628846232905,3.2255990505218506,0.00907809752970934,2100.6115374565125,804,0.6463211115399463,31.516553163528442,1.5375003,0.6804847717285156,5.900861103838918,0.0008640118758194149,-0.024211195185056773,1083,-0.0028225143905729055,0.5986649990081787,1.8780770301818848,0.599259614944458,1.5320385,0.0036865262663923204,-38.64802959210225,7.36078800400719e-05,-9.225016962796369,12.6362613505725,4.6529446,0.5207084,-58.78111628992323,4.6276
-0.024775681484102433,0.51803017,-34.35377946670897,18.21640396118164,2.8227107524871826,0.2959934204358291,2.9524240493774414,0.008934135548770428,2132.749724626541,827,0.5557767952427229,32.1339852809906,1.5222714,0.6193616390228271,7.708791733242532,0.0012431497452780604,-0.06383020537840225,1105,-0.005293943919241428,0.6041626930236816,1.885138750076294,0.6042790412902832,1.5145906,0.006537093664519489,-37.10324182619241,3.5583420867624227e-06,-10.00371802138524,15.167318417221738,4.5826225,0.51611173,-68.53605689499503,4.5475593
-0.0062135984349260265,0.5184094,-29.52875588286698,17.5254909992218,2.802487850189209,0.354486739135367,3.10168719291687,0.009250717237591743,2164.492670059204,834,0.4886757196354097,31.738478183746338,1.5237046,0.6783502101898193,6.956181640611807,0.0010884860530495644,-0.004505225914008822,1016,-0.0039858948439359665,0.6096935272216797,1.8969805240631104,0.6058752536773682,1.5167508,0.005074380896985531,-36.21678981281238,0.0018912204541265965,-11.020179584643287,16.838275275459168,4.5891953,0.5166705,-64.57926301261976,4.557393
-0.01004748268643366,0.51485294,-24.89193430020027,17.346551656723022,2.798299551010132,0.3721758156182762,2.9832355976104736,0.00690071377903223,2196.0976803302765,825,0.626313601452245,31.600783586502075,1.5099175,0.6423885822296143,6.292704688384138,0.0015081403544172645,-0.002214945202718765,1006,-0.003792308270931244,0.5996706485748291,1.9521167278289795,0.7937190532684326,1.5047945,0.005300448625348508,-40.0031439296429,0.0015744940610602498,-10.581550023656927,14.36087522997718,4.526357,0.51360095,-59.92317690540624,4.503228
-0.9638682180516651,0.51092136,-29.10699532607439,17.29271674156189,2.786527156829834,0.20891528420447303,2.932379961013794,0.006861213129013777,2227.446681499481,805,0.5983965496490604,31.344664573669434,1.4946059,0.639338493347168,7.817641229049847,0.0005174989346414804,-0.011325979155001671,1112,-0.0033754773903638124,0.5866916179656982,1.9230380058288574,0.6197447776794434,1.480979,0.003892976325005293,-37.79221880736822,0.0,-9.562325760145592,13.647567428971643,4.4575796,0.5075236,-61.27841205469158,4.3972483
-0.0071365291942900155,0.5100893,-29.298488236540614,17.671922206878662,2.8444459438323975,0.22142084348130464,2.9653799533843994,0.008495355024933815,2259.4001829624176,851,0.5109899074978401,31.950344562530518,1.4913323,0.6373283863067627,7.048460167856746,0.004099500831216574,-0.007968326637436617,1231,-0.00041697252891026437,0.6216862201690674,1.9213201999664307,0.7124674320220947,1.4870287,0.004516473360126838,-33.34685505687885,0.0001787519722711295,-8.073703151003112,15.558245391551706,4.443011,0.5090244,-66.9314437990794,4.423931
-0.005158787792776373,0.512637,-31.30278536644878,17.83894157409668,2.9103190898895264,0.23027851062817228,3.1497926712036133,0.009467585012316704,2291.7906606197357,845,0.5131879000794862,32.38538193702698,1.5013047,0.6849396228790283,7.619558157101807,0.0016421396285295486,-0.0037417459589595896,1143,-0.004793460480868816,0.6515498161315918,1.9151978492736816,0.5913159847259521,1.4917182,0.006435600109398365,-36.182979455970525,2.4885601305868477e-05,-9.3091315684363,16.698453371105792,4.4875402,0.51026094,-66.35222566436761,4.444726
-0.007904876550205329,0.50997156,-28.899341822177803,17.4914128780365,2.779670476913452,0.3286320219883625,3.035856008529663,0.007329222280532122,2323.4826431274414,874,0.4791187307900745,31.6874942779541,1.4909457,0.6828396320343018,6.596825078912118,0.0020969598554074764,-0.008684036744094677,1118,-0.003192588686943054,0.6219499111175537,1.9193341732025146,0.7103359699249268,1.4758149,0.005289548542350531,-34.624996316683834,0.00023475286434404552,-8.924391564266038,17.30877488149295,4.4412937,0.5061961,-68.17902258950377,4.3745995
-0.1155611456924649,0.5078896,-29.298540481082785,17.412113189697266,2.6931426525115967,0.2553050848090619,3.0723400115966797,0.008481699973344803,2354.8081007003784,824,0.5848278804786919,31.32101845741272,1.4828128,0.669957160949707,7.782125533293288,0.0016414758283644915,-0.0061236534906643734,1143,-0.0047017550095915794,0.5910155773162842,1.8921949863433838,0.6139101982116699,1.4739711,0.006343230837956071,-39.68215064305621,0.0,-9.46644594651138,15.472011844074391,4.405319,0.50571024,-64.68274912580651,4.366541
-0.7643345215282669,0.5030085,-25.81807156490046,17.560240983963013,2.7716128826141357,0.24437895962231082,3.1489200592041016,0.009974232874810696,2386.778751850128,805,0.5912073681476644,31.967915058135986,1.4634591,0.6866257190704346,6.5150299651061365,2.896038409083701e-10,-0.10887419557411093,1155,-0.00712777441367507,0.6140563488006592,1.905745267868042,0.8470518589019775,1.4611958,0.007127774703278911,-37.6836984635273,0.0,-8.4689860523534,13.78785483496373,4.3208804,0.50250787,-64.97127998828311,4.311112
-17.98163944297289,0.5004536,-33.44725099149172,18.39193844795227,2.828411817550659,0.19775255688405702,2.906156063079834,0.007977769710123539,2419.072666168213,800,0.6577788171089063,32.29004120826721,1.4532737,0.6414551734924316,7.351425902184079,0.0021239120978862047,-0.24899655162751957,1134,-0.00249601062387228,0.6068251132965088,1.8862695693969727,0.5985021591186523,1.4438349,0.004619922721758485,-38.15004049301843,0.0,-9.14729653610342,12.016462602302111,4.2770934,0.4981569,-67.16931486079349,4.2369127
-0.012594964895320887,0.4958922,-32.20310911568217,17.798884630203247,2.972731113433838,0.1979824507386334,3.0416769981384277,0.007719823159277439,2450.9667258262634,806,0.6398604945115882,31.888781547546387,1.4350215,0.6356239318847656,8.158867765202197,0.006026922725141048,-0.009518063454324413,1174,0.00023650299408473074,0.6428215503692627,1.8630268573760986,0.5948452949523926,1.4285961,0.005790419731056318,-39.75895839810549,4.98707959195599e-06,-9.4256246406858,13.239618375993363,4.199735,0.49436837,-64.73120398385915,4.172837
-0.00996525934931947,0.49504006,-26.81390802627061,17.649599075317383,2.8860347270965576,0.30246393598268273,3.089479684829712,0.00695030065253377,2482.8121469020844,859,0.4674217452007897,31.842239379882812,1.4315215,0.6812169551849365,7.533967565112161,0.003769200760871172,-0.13060993023700396,1094,-0.00029597952379845083,0.6125857830047607,1.8571429252624512,0.6117777824401855,1.418331,0.004065180284669623,-35.3102242592264,0.0002471436746418476,-10.360537490878361,17.724326553230664,4.185062,0.49188352,-60.44029753746221,4.1302214
-13.50277029042698,0.4904452,-35.10148304673214,17.94320511817932,2.9900193214416504,0.28247461619644987,3.029402494430542,0.008878116495907307,2515.0191538333893,801,0.6376418949295075,32.20409917831421,1.4128534,0.622760534286499,7.868048401091607,0.002596424426883459,-0.10616303177041189,1098,-0.0027996418066322803,0.6371574401855469,1.9683077335357666,0.5939979553222656,1.4057937,0.0053960662335157394,-38.49579306699634,0.0005332727450877428,-10.171399762989319,12.65508599182637,4.1076593,0.4887748,-66.03014560448224,4.0787625
-0.26195313067970705,0.48829073,-26.22511794266056,17.671446323394775,2.8700764179229736,0.2677568989912704,2.968507766723633,0.006630513351410627,2546.8022046089172,802,0.6274202204760169,31.77875280380249,1.4040793,0.6854500770568848,7.150621818440947,0.002731183310970664,-0.10238177457566693,1134,-0.001821777201257646,0.6020514965057373,1.8616549968719482,0.7104418277740479,1.3937068,0.00455296051222831,-38.53258373869535,1.2523504665296059e-05,-9.538421632858832,13.012165917223022,4.0717764,0.48583508,-62.96545542809272,4.02976
-3.4104615315452214,0.4860488,-34.95029008599577,17.709049701690674,2.8294060230255127,0.31198522404273443,3.0104641914367676,0.006640440318733454,2578.498574256897,803,0.6050567661043754,31.69319248199463,1.3947887,0.6270349025726318,7.929843094271832,0.0021633808501064777,-0.15536850571491426,1068,-0.0034813531674444675,0.5852274894714355,1.8647971153259277,0.5955228805541992,1.3838525,0.005644734017550945,-40.785783791492484,0.00014066592848394066,-10.963898622052533,14.370526883662071,4.0341225,0.48345408,-68.03245194770189,3.9902444
-0.006143450079488221,0.48392135,-28.714582841065624,18.074066877365112,2.909097909927368,0.30531719447790917,2.9132843017578125,0.00758339324966073,2610.743336200714,809,0.60597561626763,32.242045402526855,1.3860569,0.6659202575683594,7.377595251826063,0.002388232620432973,-0.00762559213531192,1091,-0.002552594756707549,0.6161496639251709,1.9141511917114258,0.7355246543884277,1.3759055,0.004940827377140522,-39.10133237879006,0.00011202671157661825,-9.991568853167244,14.083901195506154,3.9990504,0.4815387,-69.86140055748804,3.9586596
-0.46780448548480824,0.48476082,-24.38262973789936,17.82468605041504,2.8182528018951416,0.4206595163700163,3.0726401805877686,0.009838556870818138,2642.614696264267,813,0.4958908500245829,31.868713855743408,1.3894652,0.6782336235046387,6.595137300407889,0.0018319651717320085,-0.0015398827173401033,1016,-0.005327885039150715,0.6168079376220703,1.9299662113189697,0.6182937622070312,1.3821454,0.007159850210882723,-35.84262610608587,0.0005547468899749219,-10.578049686209262,15.925333508672113,4.0127034,0.48305017,-60.91589333087622,3.9834385
-1.3469102827819062,0.48162597,-33.19754740921838,17.694302082061768,2.7204573154449463,0.24743193548923803,2.972681760787964,0.009285006672143936,2674.0784044265747,802,0.5325698557533872,31.46077060699463,1.3765811,0.6345036029815674,8.277974839203848,0.0013880818150937557,-0.007154123599565819,1100,-0.0032344763167202473,0.588364839553833,1.8581082820892334,0.610614538192749,1.3621703,0.004622558131814003,-36.013423323238065,2.0671699530794285e-05,-10.384843818719181,14.749342115584563,3.961335,0.47819838,-71.3157469211928,3.9046586
-0.009781752913098277,0.4785665,-27.801648280436122,18.718525886535645,2.8203742504119873,0.19947194000983215,3.011293649673462,0.0070110284723341465,2706.692375421524,834,0.5599678576414734,32.611217975616455,1.3638896,0.6424567699432373,6.68132146103113,0.0016271282220259309,-0.005853964497877009,1206,-0.0026168341282755136,0.6220703125,1.8429086208343506,0.6022002696990967,1.3586811,0.0042439623503014445,-37.05567604741238,0.00012909225188195705,-7.965521878207333,15.384896361114848,3.9113774,0.4773748,-63.902681212850695,3.891058
-0.8157275415141889,0.4758635,-23.960506317652968,18.420722484588623,2.957012414932251,0.3646729506314248,2.9444785118103027,0.008939158171415329,2739.20472407341,812,0.601749586735493,32.509512424468994,1.3525294,0.6451716423034668,6.569362532040715,0.0011584315216168761,-0.13320363904855376,1025,-0.003101784735918045,0.6266977787017822,1.816558599472046,0.5979599952697754,1.3440979,0.004260216257534921,-39.10276783891794,1.644616713747382e-05,-10.48312472694422,14.155203092670556,3.867195,0.47393206,-61.36378719209438,3.8347254
-13.331332449641113,0.4728647,-32.79435141144012,17.914493560791016,2.7778570652008057,0.2947383739001791,2.87076735496521,0.00715021975338459,2771.0835926532745,800,0.6604197873741326,31.875847816467285,1.3399409,0.6298069953918457,7.970809214889781,0.001737402519211173,-0.0020931360098945845,1026,-0.0035417084582149982,0.5920765399932861,1.7617359161376953,0.6177976131439209,1.3324908,0.005279110977426171,-41.07796458275994,0.0,-11.431725653458274,12.843005585486646,3.8188179,0.47118205,-67.70224396619291,3.790473
-0.0024912213453430524,0.47022924,-25.19444381488435,17.944993019104004,2.82560133934021,0.2375056066514185,2.972365379333496,0.008749386295676231,2802.871165037155,842,0.5197938710077099,31.784817218780518,1.3287715,0.6328856945037842,7.007567109457174,0.0016452341806143522,-0.053236967835052496,1175,-0.0028792209923267365,0.6146109104156494,1.8095693588256836,0.5975000858306885,1.3204594,0.004524455172941089,-33.85117234368512,0.000532743870280683,-8.680388750758823,15.232561875722245,3.776401,0.4683585,-55.52489406266183,3.7451413
-14.943560211693509,0.46679077,-30.10905604531897,18.06083369255066,2.879922389984131,0.37523548239566606,2.8964061737060547,0.007049073465168476,2834.7297401428223,800,0.7073780439721168,31.855931043624878,1.3140869,0.6253495216369629,7.511205951375141,0.0005980136920697987,-0.11320722421687256,1016,-0.0068502784706652164,0.5996317863464355,1.8041391372680664,0.6095848083496094,1.2996472,0.007448292162735015,-42.77788774909118,0.0,-11.448922946605789,12.005145519957122,3.7213516,0.4635012,-67.39177465056235,3.6680024
-0.006776410966248395,0.4653201,-24.586630476142652,18.618221282958984,2.9016737937927246,0.34281352708929314,2.9247703552246094,0.008197467774152756,2867.2768366336823,802,0.60087350257734,32.54423666000366,1.3077842,0.6415266990661621,7.2700415554289,0.0017026427667587996,-0.003916343530381056,1106,-0.004021774046123028,0.6191103458404541,1.6469509601593018,0.7059109210968018,1.2924389,0.005724416812881827,-35.04862376356006,1.0988113672283362e-06,-9.853195835778237,12.594521652070107,3.6979706,0.4618215,-59.078857699228855,3.6416574
-13.13218233542839,0.46342564,-30.453700675109282,18.472765922546387,3.0444297790527344,0.19104221792799803,2.8005921840667725,0.008619164116680622,2899.6800961494446,800,0.6456900518323624,32.40013265609741,1.2996548,0.6207196712493896,7.556147678544393,0.0027129061054438353,-0.3100127067972488,1171,-0.0028353959787636995,0.6578512191772461,1.590773582458496,0.7397139072418213,1.2902856,0.005548302084207535,-40.197914881126096,0.0,-8.9890440048625,12.988355970566522,3.6680305,0.4613263,-68.02691304769402,3.633824
-13.476575355897525,0.46017557,-30.19848810313255,18.45017695426941,3.0400021076202393,0.18657261294969985,2.804478883743286,0.007592039182782173,2931.759579896927,800,0.6525472811150681,32.075836181640625,1.2855824,0.6410830020904541,7.437944664684267,0.0037030037492513657,-0.10716089833289011,1270,0.00010316465341020375,0.6534214019775391,1.4926767349243164,0.6983275413513184,1.2735363,0.003599839095841162,-38.63272292700574,0.0,-8.216214516910208,12.301085089571469,3.6167738,0.4574733,-68.62126554364056,3.5734673
-0.12040489220167028,0.45810547,-29.624522410039226,17.577698945999146,2.8971102237701416,0.3724974534596952,2.7395901679992676,0.00917355902493,2962.017434358597,819,0.5568587092064204,30.255012273788452,1.2765628,0.6210362911224365,7.141428659612061,0.003519634483382106,-0.133557724689264,1047,-0.0030152234248816967,0.5933568477630615,1.2352516651153564,0.7375578880310059,1.2656801,0.0065348579082638025,-37.77410056750889,1.9834253180306405e-05,-10.556490864649719,15.03524517626713,3.5842986,0.45567226,-63.88989445274095,3.5455031
-0.08107014324495274,0.45831117,-31.516784114451372,16.6954824924469,2.477717399597168,0.30863496382618016,2.3752944469451904,0.006982550024986267,2989.7362082004547,812,0.6033135921592253,27.715991735458374,1.277441,0.521000862121582,8.522713452112894,0.00048170919762924314,-0.0005667949003508435,1010,-0.006996589712798595,0.4999701976776123,0.8662025928497314,0.5822427272796631,1.2790658,0.0074782989104278386,-42.33526867747668,5.377928005145804e-07,-12.332677375437118,15.45075476192819,3.587448,0.45874685,-69.53322515036005,3.5932815
-0.22790973233289916,0.45485362,-25.167916294441234,16.10401940345764,2.4667205810546875,0.19809730167372686,2.431760787963867,0.008624543435871601,3017.1023869514465,824,0.6015784581414219,27.363500356674194,1.2623054,0.5241684913635254,6.0069542013768125,0.004749823361635208,-0.11956147530917098,1281,0.000608012662269175,0.5111572742462158,0.892418384552002,0.5822114944458008,1.2565353,0.004141810699366033,-36.671327155068674,0.0008094574441201985,-7.029192774894691,13.711619080660945,3.5335584,0.45359188,-60.221964532256706,3.5132282
-0.0032769287885486796,0.45219526,-25.191094919957006,16.07395839691162,2.4766788482666016,0.3507480043000287,2.40470290184021,0.008528324775397778,3044.2507112026215,868,0.43439510486347965,27.145623445510864,1.2505559,0.5300698280334473,7.337594030747905,0.002347346395254135,-0.002496772854922036,1149,-0.004402534104883671,0.5049746036529541,0.8818275928497314,0.5790057182312012,1.2462842,0.006749880500137806,-34.505021016869755,9.927828796207905e-05,-9.175539178923637,18.493883378690928,3.4922836,0.45126954,-62.848526025321064,3.4773977
-3.6183742142799424,0.45074326,-32.00126925488876,16.02682852745056,2.467733860015869,0.3044248882147973,2.378751277923584,0.009104412980377674,3071.4008762836456,802,0.6221679961141799,27.14751958847046,1.244135,0.513110876083374,7.50802201075268,0.0010746567277237773,-0.09481949525207507,1208,-0.0018064373871311545,0.5039448738098145,0.8691303730010986,0.5824170112609863,1.2370466,0.002881094114854932,-37.82013044334753,3.1397446491610026e-06,-8.433929477528801,12.860796853885837,3.469932,0.4492268,-67.26184903843465,3.4454226
-0.0030350774070352473,0.44883403,-29.372781798880123,16.20612597465515,2.4727420806884766,0.217316931654143,2.417846441268921,0.0068204994313418865,3098.8586270809174,883,0.4476970587176644,27.454962730407715,1.2356681,0.5476458072662354,7.685692987554625,0.002725651953369379,-0.0019605076989247976,1251,-0.0035638809204101562,0.5130062103271484,0.9313063621520996,0.5846982002258301,1.2357919,0.006289532873779535,-34.22584352345816,3.0112509193713777e-05,-8.272938640403519,18.558290414608344,3.4406765,0.4489145,-65.5791858952859,3.4411025
-0.04324527836222591,0.44760123,-33.49362399244404,16.127277851104736,2.4518473148345947,0.3254731587656672,2.4050004482269287,0.009038930758833885,3126.14297747612,863,0.5209167511666666,27.28165888786316,1.2301542,0.5269291400909424,7.854969380708439,0.00013779955042991787,-0.20305919346981666,1060,-0.004214043263345957,0.5048141479492188,0.8767554759979248,0.5739450454711914,1.2145038,0.004351842813775875,-37.252649819358325,7.467736577382311e-05,-10.608091060933342,17.54010449044417,3.421757,0.44418448,-69.26228325653224,3.368622
-9.055330688880838,0.44487327,-27.5668060893313,15.983072519302368,2.471869468688965,0.2927205611175754,2.4489564895629883,0.007275447249412537,3153.2859733104706,801,0.6562098008423891,27.140270471572876,1.2179329,0.5192911624908447,6.703579089318303,0.001986501272767782,-0.09642921796627266,1151,-0.004144946113228798,0.5066516399383545,0.8953371047973633,0.5718562602996826,1.2126898,0.00613144738599658,-38.14122809854561,9.170117846224457e-05,-8.586890863012025,12.03425220648988,3.3801935,0.44375917,-66.08228588730107,3.3625169
-0.009314116725983704,0.44455063,-29.278188051148682,16.164220333099365,2.484090805053711,0.1929988452610819,2.4053292274475098,0.0067122932523489,3180.6756670475006,824,0.4727674594588024,27.387040853500366,1.2164751,0.5187678337097168,7.533380927423303,0.002681458368897438,-0.002981410179352894,1244,-0.0011467747390270233,0.5138654708862305,0.87066650390625,0.5766100883483887,1.2084901,0.0038282331079244614,-35.3403747790261,0.0006470301887020469,-8.241618610044055,16.657082757690322,3.3752694,0.44284445,-64.67440662441601,3.3484251
